Track Name,Album Name,Tempo,Key,Mode,Release Date,Energy,Danceability,Loudness,Speechiness,Acousticness,Instrumentalness,Liveness,Time Signature,Valence,Duration
Strawberry Fields Forever - 2015 Mix,The Beatles 1967 – 1970 (2023 Edition),96.221,10,1,2023-11-10,0.678,0.391,-8.773,0.306,0.273,0.000257,0.0965,4,0.245,252093
Penny Lane - 2017 Mix,The Beatles 1967 – 1970 (2023 Edition),113.225,9,1,2023-11-10,0.505,0.647,-8.26,0.0351,0.0715,0.00281,0.184,4,0.682,180947
Sgt. Pepper's Lonely Hearts Club Band - 2017 Mix,The Beatles 1967 – 1970 (2023 Edition),95.686,7,1,2023-11-10,0.825,0.368,-7.758,0.0997,0.0308,0.02,0.908,4,0.524,122120
With A Little Help From My Friends - 2017 Mix,The Beatles 1967 – 1970 (2023 Edition),112.24,4,1,2023-11-10,0.586,0.673,-7.946,0.0302,0.133,0.0,0.252,4,0.732,164373
Lucy In The Sky With Diamonds - 2017 Mix,The Beatles 1967 – 1970 (2023 Edition),187.861,11,0,2023-11-10,0.539,0.244,-6.984,0.0457,0.154,0.0,0.182,4,0.429,210453
Within You Without You - 2017 Mix,The Beatles 1967 – 1970 (2023 Edition),125.012,6,1,2023-11-10,0.508,0.294,-9.504,0.0342,0.472,0.00033,0.0786,4,0.324,311053
A Day In The Life - 2017 Remix,The Beatles 1967 – 1970 (2023 Edition),79.387,4,0,2023-11-10,0.359,0.352,-12.626,0.0285,0.184,0.000271,0.118,4,0.215,307667
All You Need Is Love - 2015 Mix,The Beatles 1967 – 1970 (2023 Edition),102.401,7,1,2023-11-10,0.539,0.401,-8.023,0.0342,0.417,1.92e-06,0.255,4,0.65,229480
I Am The Walrus - 2023 Mix,The Beatles 1967 – 1970 (2023 Edition),87.574,9,1,2023-11-10,0.67,0.405,-9.234,0.0668,0.0476,0.0,0.28,4,0.527,275733
"Hello, Goodbye - 2015 Mix",The Beatles 1967 – 1970 (2023 Edition),99.32,0,1,2023-11-10,0.75,0.495,-7.239,0.0257,0.381,7.69e-06,0.269,4,0.659,209707
The Fool On The Hill - 2023 Mix,The Beatles 1967 – 1970 (2023 Edition),144.473,2,1,2023-11-10,0.381,0.43,-9.39,0.0283,0.923,6.02e-05,0.177,4,0.527,180307
Magical Mystery Tour - 2023 Mix,The Beatles 1967 – 1970 (2023 Edition),163.781,9,1,2023-11-10,0.646,0.335,-7.152,0.0714,0.0595,0.0,0.184,4,0.38,169000
Lady Madonna - 2015 Mix,The Beatles 1967 – 1970 (2023 Edition),109.438,7,1,2023-11-10,0.714,0.643,-6.883,0.026,0.105,0.185,0.205,4,0.593,138707
Hey Jude - 2015 Mix,The Beatles 1967 – 1970 (2023 Edition),147.363,10,1,2023-11-10,0.554,0.38,-9.093,0.0253,0.0173,0.0,0.0996,4,0.574,431453
Revolution - 2023 Mix,The Beatles 1967 – 1970 (2023 Edition),121.382,6,1,2023-11-10,0.93,0.488,-7.106,0.119,0.194,0.000132,0.254,4,0.766,201813
Back In The U.S.S.R - 2018 Mix,The Beatles 1967 – 1970 (2023 Edition),142.659,9,1,2023-11-10,0.897,0.516,-9.665,0.0345,0.00106,0.000204,0.202,4,0.926,165827
Dear Prudence - 2018 Mix,The Beatles 1967 – 1970 (2023 Edition),150.401,2,1,2023-11-10,0.524,0.381,-10.425,0.0491,0.101,0.000876,0.155,4,0.323,239960
While My Guitar Gently Weeps - 2018 Mix,The Beatles 1967 – 1970 (2023 Edition),114.848,2,1,2023-11-10,0.615,0.429,-9.81,0.0341,0.0022,0.00466,0.283,4,0.74,286787
"Ob-La-Di, Ob-La-Da - 2018 Mix",The Beatles 1967 – 1970 (2023 Edition),113.196,10,1,2023-11-10,0.746,0.798,-8.325,0.0337,0.167,0.102,0.19,4,0.969,191387
Glass Onion - 2018 Mix,The Beatles 1967 – 1970 (2023 Edition),120.341,7,0,2023-11-10,0.572,0.538,-9.362,0.0547,0.00241,0.00502,0.0964,4,0.568,139613
Blackbird - 2018 Mix,The Beatles 1967 – 1970 (2023 Edition),93.762,7,1,2023-11-10,0.139,0.652,-14.573,0.0372,0.832,3.98e-06,0.0599,4,0.348,141360
Hey Bulldog - 2023 Mix,The Beatles 1967 – 1970 (2023 Edition),100.831,4,0,2023-11-10,0.839,0.532,-6.498,0.0289,0.00185,0.549,0.252,4,0.803,191720
Get Back - 2015 Mix,The Beatles 1967 – 1970 (2023 Edition),122.928,2,1,2023-11-10,0.628,0.715,-8.609,0.0406,0.19,0.0225,0.0853,4,0.259,192507
Don’t Let Me Down - 2021 Mix,The Beatles 1967 – 1970 (2023 Edition),76.638,6,0,2023-11-10,0.392,0.571,-10.253,0.0255,0.486,6.41e-05,0.102,4,0.781,214960
The Ballad Of John And Yoko - 2015 Mix,The Beatles 1967 – 1970 (2023 Edition),135.338,4,1,2023-11-10,0.871,0.651,-7.421,0.0322,0.00578,6.2e-06,0.111,4,0.964,180787
Old Brown Shoe - 2023 Mix,The Beatles 1967 – 1970 (2023 Edition),143.0,1,1,2023-11-10,0.694,0.516,-9.668,0.0474,0.00101,5.76e-05,0.162,4,0.475,198613
Here Comes The Sun - 2019 Mix,The Beatles 1967 – 1970 (2023 Edition),129.116,9,1,2023-11-10,0.533,0.575,-10.947,0.0414,0.0417,7.04e-05,0.098,4,0.276,187347
Come Together - 2019 Mix,The Beatles 1967 – 1970 (2023 Edition),164.584,9,0,2023-11-10,0.324,0.533,-12.403,0.0448,0.0783,0.147,0.1,4,0.151,259693
Something - 2019 Mix,The Beatles 1967 – 1970 (2023 Edition),133.367,0,1,2023-11-10,0.352,0.429,-10.924,0.0295,0.102,2.67e-05,0.128,4,0.45,183693
Octopus's Garden - 2019 Mix,The Beatles 1967 – 1970 (2023 Edition),92.293,1,0,2023-11-10,0.63,0.549,-7.229,0.0348,0.114,0.000205,0.166,4,0.594,172253
Oh! Darling - 2019 Mix,The Beatles 1967 – 1970 (2023 Edition),174.123,4,1,2023-11-10,0.62,0.439,-8.327,0.042,0.0474,0.00137,0.397,3,0.56,208640
I Want You (She's So Heavy) - 2019 Mix,The Beatles 1967 – 1970 (2023 Edition),143.076,9,0,2023-11-10,0.47,0.317,-10.105,0.0316,0.019,0.0489,0.0424,3,0.362,467373
Let It Be - 2021 Mix,The Beatles 1967 – 1970 (2023 Edition),139.244,0,1,2023-11-10,0.398,0.443,-9.58,0.0364,0.639,4.39e-05,0.111,4,0.474,231733
Across The Universe - 2021 Mix,The Beatles 1967 – 1970 (2023 Edition),151.262,1,1,2023-11-10,0.443,0.297,-10.2,0.0276,0.513,1.51e-05,0.0814,4,0.822,229787
I Me Mine - 2021 Mix,The Beatles 1967 – 1970 (2023 Edition),127.755,4,0,2023-11-10,0.542,0.397,-9.144,0.052,0.244,0.0,0.0722,4,0.608,148000
The Long And Winding Road - 2021 Mix,The Beatles 1967 – 1970 (2023 Edition),66.122,3,1,2023-11-10,0.331,0.322,-10.519,0.0273,0.795,0.0037,0.213,4,0.342,217613
Now And Then,The Beatles 1967 – 1970 (2023 Edition),87.188,4,0,2023-11-10,0.547,0.438,-7.895,0.027,0.217,6.5e-05,0.314,4,0.4,248640
Love Me Do - 2023 Mix,The Beatles 1962 – 1966 (2023 Edition),142.59,7,1,2023-11-10,0.542,0.477,-7.111,0.0311,0.183,0.0,0.26,4,0.712,145640
Please Please Me - 2023 Mix,The Beatles 1962 – 1966 (2023 Edition),139.534,4,1,2023-11-10,0.722,0.491,-5.5,0.0308,0.22,0.0,0.071,4,0.859,120573
I Saw Her Standing There - 2023 Mix,The Beatles 1962 – 1966 (2023 Edition),80.027,4,1,2023-11-10,0.915,0.506,-4.752,0.0415,0.0512,0.0,0.136,4,0.964,173013
Twist And Shout - 2023 Mix,The Beatles 1962 – 1966 (2023 Edition),124.534,2,1,2023-11-10,0.9,0.473,-5.592,0.0688,0.659,0.0,0.167,4,0.847,154787
From Me To You - 2023 Mix,The Beatles 1962 – 1966 (2023 Edition),136.072,0,1,2023-11-10,0.74,0.627,-5.841,0.0341,0.323,0.0,0.142,4,0.965,117747
She Loves You - 2023 Mix,The Beatles 1962 – 1966 (2023 Edition),75.403,7,1,2023-11-10,0.836,0.4,-6.791,0.0359,0.377,0.0,0.0652,4,0.907,142160
I Want To Hold Your Hand - 2023 Mix,The Beatles 1962 – 1966 (2023 Edition),130.646,7,1,2023-11-10,0.81,0.463,-6.271,0.0349,0.191,0.0,0.397,4,0.891,146800
This Boy - 2023 Mix,The Beatles 1962 – 1966 (2023 Edition),111.246,2,1,2023-11-10,0.394,0.635,-8.44,0.0269,0.222,2.65e-06,0.0892,3,0.64,139160
All My Loving - 2023 Mix,The Beatles 1962 – 1966 (2023 Edition),77.818,4,1,2023-11-10,0.572,0.414,-7.443,0.0292,0.17,0.0,0.249,4,0.829,128947
Roll Over Beethoven - 2023 Mix,The Beatles 1962 – 1966 (2023 Edition),161.722,2,1,2023-11-10,0.845,0.373,-6.689,0.0533,0.443,0.0,0.0885,4,0.966,165693
You Really Got A Hold On Me - 2023 Mix,The Beatles 1962 – 1966 (2023 Edition),76.859,9,1,2023-11-10,0.515,0.508,-6.039,0.0292,0.529,0.0,0.24,4,0.593,181667
Can't Buy Me Love - 2023 Mix,The Beatles 1962 – 1966 (2023 Edition),171.595,0,1,2023-11-10,0.751,0.476,-5.887,0.0428,0.121,0.0,0.341,4,0.922,133093
You Can't Do That - 2023 Mix,The Beatles 1962 – 1966 (2023 Edition),129.021,0,1,2023-11-10,0.792,0.594,-5.971,0.0299,0.0221,0.0,0.451,4,0.962,153360
A Hard Day's Night - 2023 Mix,The Beatles 1962 – 1966 (2023 Edition),137.622,0,1,2023-11-10,0.946,0.574,-4.141,0.0365,0.127,0.0,0.178,4,0.783,155493
And I Love Her - 2023 Mix,The Beatles 1962 – 1966 (2023 Edition),112.474,1,0,2023-11-10,0.326,0.731,-10.931,0.0315,0.725,3e-06,0.0745,4,0.647,152360
Eight Days A Week - 2023 Mix,The Beatles 1962 – 1966 (2023 Edition),138.581,9,1,2023-11-10,0.779,0.633,-6.849,0.0491,0.352,0.0,0.087,4,0.774,164547
I Feel Fine - 2023 Mix,The Beatles 1962 – 1966 (2023 Edition),90.089,7,1,2023-11-10,0.88,0.527,-6.977,0.0364,0.0387,0.0,0.159,4,0.869,140400
Ticket To Ride - 2023 Mix,The Beatles 1962 – 1966 (2023 Edition),123.343,9,1,2023-11-10,0.855,0.555,-5.883,0.0683,0.0647,0.0,0.4,4,0.677,191080
Yesterday - 2023 Mix,The Beatles 1962 – 1966 (2023 Edition),96.529,5,1,2023-11-10,0.182,0.518,-10.621,0.0281,0.865,0.0,0.1,4,0.296,124427
Help! - 2023 Mix,The Beatles 1962 – 1966 (2023 Edition),94.958,6,0,2023-11-10,0.715,0.578,-7.3,0.0363,0.431,0.0,0.121,4,0.815,139600
You've Got To Hide Your Love Away - 2023 Mix,The Beatles 1962 – 1966 (2023 Edition),184.304,7,1,2023-11-10,0.374,0.37,-9.557,0.0294,0.385,0.0,0.135,3,0.41,131387
We Can Work It Out - 2023 Mix,The Beatles 1962 – 1966 (2023 Edition),106.026,2,1,2023-11-10,0.693,0.409,-7.314,0.0309,0.0262,0.0,0.129,4,0.522,136107
Day Tripper - 2023 Mix,The Beatles 1962 – 1966 (2023 Edition),137.605,6,0,2023-11-10,0.904,0.576,-5.99,0.0346,0.0875,2.36e-06,0.103,4,0.776,169507
Drive My Car - 2023 Mix,The Beatles 1962 – 1966 (2023 Edition),122.498,7,1,2023-11-10,0.679,0.734,-7.266,0.0322,0.00626,5.25e-06,0.206,4,0.881,148493
Norwegian Wood (This Bird Has Flown) - 2023 Mix,The Beatles 1962 – 1966 (2023 Edition),176.855,9,1,2023-11-10,0.401,0.435,-9.565,0.0343,0.234,3.94e-05,0.0955,3,0.651,125587
Nowhere Man - 2023 Mix,The Beatles 1962 – 1966 (2023 Edition),121.365,4,1,2023-11-10,0.629,0.54,-8.953,0.0669,0.00394,0.0,0.111,4,0.753,164267
Michelle - 2023 Mix,The Beatles 1962 – 1966 (2023 Edition),115.133,5,0,2023-11-10,0.387,0.587,-10.198,0.0464,0.62,0.0,0.104,4,0.624,162387
In My Life - 2023 Mix,The Beatles 1962 – 1966 (2023 Edition),103.148,9,1,2023-11-10,0.486,0.704,-7.955,0.0313,0.704,0.0,0.105,4,0.498,147200
If I Needed Someone - 2023 Mix,The Beatles 1962 – 1966 (2023 Edition),127.481,9,1,2023-11-10,0.868,0.473,-5.698,0.0339,0.000727,0.0,0.133,4,0.771,143880
Girl - 2023 Mix,The Beatles 1962 – 1966 (2023 Edition),96.591,5,0,2023-11-10,0.391,0.66,-9.869,0.0333,0.699,0.0,0.189,4,0.684,151440
Paperback Writer - 2022 Mix,The Beatles 1962 – 1966 (2023 Edition),78.527,7,1,2023-11-10,0.83,0.499,-6.869,0.083,0.0368,2.32e-06,0.244,4,0.787,139227
Eleanor Rigby - 2022 Mix,The Beatles 1962 – 1966 (2023 Edition),137.727,4,0,2023-11-10,0.265,0.636,-8.837,0.0474,0.825,0.0,0.35,4,0.749,128120
Yellow Submarine - 2022 Mix,The Beatles 1962 – 1966 (2023 Edition),111.098,1,1,2023-11-10,0.518,0.599,-9.63,0.0352,0.365,0.0,0.145,4,0.766,158840
Taxman - 2022 Mix,The Beatles 1962 – 1966 (2023 Edition),133.548,7,1,2023-11-10,0.731,0.518,-7.796,0.123,0.0038,0.0,0.686,4,0.68,158267
Got To Get You Into My Life - 2022 Mix,The Beatles 1962 – 1966 (2023 Edition),136.857,7,1,2023-11-10,0.591,0.532,-7.296,0.0332,0.207,2.83e-05,0.0976,4,0.665,147493
I'm Only Sleeping - 2022 Mix,The Beatles 1962 – 1966 (2023 Edition),103.465,11,1,2023-11-10,0.455,0.561,-9.193,0.0287,0.1,0.0,0.305,4,0.648,178587
"Here, There And Everywhere - 2022 Mix",The Beatles 1962 – 1966 (2023 Edition),82.882,7,1,2023-11-10,0.269,0.553,-11.96,0.0277,0.884,1.88e-05,0.117,4,0.402,144027
Tomorrow Never Knows - 2022 Mix,The Beatles 1962 – 1966 (2023 Edition),127.042,5,1,2023-11-10,0.635,0.277,-7.134,0.0413,3.77e-05,1.56e-05,0.307,4,0.0397,177627
Taxman - 2022 Mix,Revolver (Super Deluxe),133.603,7,1,2022-10-28,0.771,0.484,-6.151,0.13,0.00225,0.0,0.718,4,0.679,158267
Eleanor Rigby - 2022 Mix,Revolver (Super Deluxe),137.891,0,1,2022-10-28,0.304,0.606,-7.485,0.0414,0.853,0.0,0.34,4,0.808,126467
I'm Only Sleeping - 2022 Mix,Revolver (Super Deluxe),103.392,11,1,2022-10-28,0.479,0.559,-7.89,0.0281,0.0944,0.0,0.269,4,0.658,180320
Love You To - 2022 Mix,Revolver (Super Deluxe),124.21,5,1,2022-10-28,0.6,0.46,-9.108,0.0472,0.706,4.25e-05,0.063,4,0.679,179867
"Here, There And Everywhere - 2022 Mix",Revolver (Super Deluxe),164.568,7,1,2022-10-28,0.304,0.345,-9.477,0.0297,0.87,3.14e-05,0.116,4,0.425,144907
Yellow Submarine - 2022 Mix,Revolver (Super Deluxe),111.374,1,1,2022-10-28,0.573,0.623,-8.421,0.0317,0.391,0.0,0.118,4,0.794,158827
She Said She Said - 2022 Mix,Revolver (Super Deluxe),106.066,3,1,2022-10-28,0.886,0.397,-6.409,0.0518,0.0515,0.000157,0.47,4,0.785,156093
Good Day Sunshine - 2022 Mix,Revolver (Super Deluxe),117.169,4,1,2022-10-28,0.552,0.787,-7.15,0.0436,0.605,0.0,0.107,3,0.746,129213
And Your Bird Can Sing - 2022 Mix,Revolver (Super Deluxe),132.625,4,1,2022-10-28,0.801,0.543,-5.589,0.0288,0.00389,0.732,0.262,4,0.969,120533
For No One - 2022 Mix,Revolver (Super Deluxe),81.896,1,0,2022-10-28,0.535,0.433,-8.197,0.0289,0.808,0.0,0.136,4,0.751,119800
Doctor Robert - 2022 Mix,Revolver (Super Deluxe),164.542,4,1,2022-10-28,0.718,0.41,-6.981,0.0482,0.0531,0.398,0.132,4,0.562,134413
I Want To Tell You - 2022 Mix,Revolver (Super Deluxe),126.833,9,1,2022-10-28,0.59,0.512,-8.351,0.0333,0.0972,0.0,0.271,4,0.437,147813
Got To Get You Into My Life - 2022 Mix,Revolver (Super Deluxe),136.555,0,1,2022-10-28,0.629,0.526,-5.947,0.0309,0.221,7.92e-06,0.0742,4,0.645,149480
Tomorrow Never Knows - 2022 Mix,Revolver (Super Deluxe),91.033,5,1,2022-10-28,0.657,0.215,-5.909,0.0386,3.65e-05,2.97e-05,0.31,3,0.0381,177613
Tomorrow Never Knows - Take 1,Revolver (Super Deluxe),116.635,0,1,2022-10-28,0.815,0.426,-8.103,0.0912,0.0357,0.893,0.678,4,0.199,212880
Tomorrow Never Knows - Mono Mix RM 11,Revolver (Super Deluxe),124.478,5,1,2022-10-28,0.71,0.306,-5.891,0.0466,0.00349,3.11e-06,0.112,4,0.205,185547
Got To Get You Into My Life - First Version / Take 5,Revolver (Super Deluxe),130.21,0,1,2022-10-28,0.499,0.502,-12.446,0.0624,0.349,0.0,0.304,4,0.295,250107
Got To Get You Into My Life - Second Version / Unnumbered Mix,Revolver (Super Deluxe),136.411,7,1,2022-10-28,0.702,0.527,-7.746,0.0433,0.142,0.00172,0.668,4,0.517,156173
Got To Get You Into My Life - Second Version / Take 8,Revolver (Super Deluxe),136.743,0,1,2022-10-28,0.503,0.538,-9.675,0.0269,0.00551,0.831,0.734,4,0.564,162627
Love You To - Take 1,Revolver (Super Deluxe),115.246,7,1,2022-10-28,0.29,0.735,-10.909,0.0684,0.757,0.0,0.325,4,0.41,160440
Love You To - Unnumbered Rehearsal,Revolver (Super Deluxe),129.3,5,1,2022-10-28,0.427,0.436,-10.149,0.0369,0.378,0.858,0.117,4,0.785,95240
Love You To - Take 7,Revolver (Super Deluxe),123.418,5,1,2022-10-28,0.584,0.376,-8.816,0.0558,0.719,3e-06,0.0771,4,0.849,175493
Paperback Writer - Takes 1 & 2 / Backing Track,Revolver (Super Deluxe),78.735,7,1,2022-10-28,0.75,0.582,-8.905,0.151,0.301,0.265,0.532,4,0.618,218267
Rain - Take 5 / Actual Speed,Revolver (Super Deluxe),130.546,3,1,2022-10-28,0.712,0.253,-8.318,0.0337,0.000176,0.858,0.289,4,0.704,158573
Rain - Take 5 / Slowed Down For Master Tape,Revolver (Super Deluxe),107.798,0,1,2022-10-28,0.523,0.266,-8.34,0.0315,0.00041,0.682,0.0797,4,0.599,192787
Doctor Robert - Take 7,Revolver (Super Deluxe),81.628,4,1,2022-10-28,0.567,0.497,-9.508,0.0362,0.139,0.0802,0.116,4,0.695,179680
And Your Bird Can Sing - First Version / Take 2,Revolver (Super Deluxe),133.852,2,1,2022-10-28,0.718,0.391,-8.311,0.0343,0.000342,0.452,0.22,4,0.862,134627
And Your Bird Can Sing - First Version / Take 2 / Giggling,Revolver (Super Deluxe),133.977,2,1,2022-10-28,0.607,0.378,-7.993,0.0381,0.00322,0.00544,0.523,3,0.737,143680
And Your Bird Can Sing - Second Version / Take 5,Revolver (Super Deluxe),125.924,6,0,2022-10-28,0.555,0.446,-9.855,0.0425,0.00151,5e-05,0.101,4,0.547,140093
Taxman - Take 11,Revolver (Super Deluxe),132.127,7,1,2022-10-28,0.663,0.504,-7.419,0.06,0.0104,0.0,0.111,4,0.786,157760
I’m Only Sleeping - Rehearsal Fragment,Revolver (Super Deluxe),103.522,9,0,2022-10-28,0.132,0.721,-12.32,0.118,0.871,0.206,0.294,4,0.265,48280
I’m Only Sleeping - Take 2,Revolver (Super Deluxe),106.877,3,0,2022-10-28,0.346,0.581,-11.676,0.0506,0.511,2.36e-05,0.287,4,0.401,148093
I’m Only Sleeping - Take 5,Revolver (Super Deluxe),126.989,4,0,2022-10-28,0.666,0.635,-7.439,0.0345,0.0257,0.852,0.112,4,0.599,163120
I’m Only Sleeping - Mono Mix RM1,Revolver (Super Deluxe),103.321,8,0,2022-10-28,0.466,0.525,-7.385,0.0327,0.175,1.56e-06,0.285,4,0.608,187307
Eleanor Rigby - Speech Before Take 2,Revolver (Super Deluxe),130.297,4,0,2022-10-28,0.177,0.608,-18.798,0.474,0.797,0.0,0.594,4,0.372,131760
Eleanor Rigby - Take 2,Revolver (Super Deluxe),137.932,0,1,2022-10-28,0.0987,0.533,-12.862,0.0824,0.944,0.785,0.127,4,0.421,140240
For No One - Take 10 / Backing Track,Revolver (Super Deluxe),168.928,0,1,2022-10-28,0.745,0.429,-9.724,0.0393,0.617,0.124,0.119,4,0.708,143613
Yellow Submarine - Songwriting Work Tape / Part 1,Revolver (Super Deluxe),173.123,7,1,2022-10-28,0.196,0.539,-16.677,0.0533,0.994,0.619,0.109,3,0.799,64933
Yellow Submarine - Songwriting Work Tape / Part 2,Revolver (Super Deluxe),83.967,1,1,2022-10-28,0.245,0.434,-15.014,0.0672,0.994,0.023,0.127,4,0.202,282667
Yellow Submarine - Take 4 Before Sound Effects,Revolver (Super Deluxe),118.295,7,1,2022-10-28,0.4,0.722,-9.841,0.0372,0.638,0.0,0.185,4,0.732,157347
Yellow Submarine - Highlighted Sound Effects,Revolver (Super Deluxe),110.78,1,1,2022-10-28,0.642,0.554,-9.149,0.11,0.653,0.0,0.732,4,0.651,183720
I Want To Tell You - Speech & Take 4,Revolver (Super Deluxe),124.014,2,1,2022-10-28,0.492,0.71,-10.222,0.0919,0.793,4.18e-06,0.235,3,0.208,84853
"Here, There And Everywhere - Take 6",Revolver (Super Deluxe),83.216,7,1,2022-10-28,0.23,0.685,-12.27,0.0401,0.852,0.000559,0.334,4,0.406,149707
She Said She Said - John's Demo,Revolver (Super Deluxe),111.33,3,1,2022-10-28,0.325,0.758,-9.967,0.0601,0.937,3.34e-05,0.311,3,0.635,70333
She Said She Said - Take 15 / Backing Track Rehearsal,Revolver (Super Deluxe),104.282,3,1,2022-10-28,0.604,0.442,-9.188,0.0351,0.00522,0.464,0.108,4,0.593,204547
Taxman - Mono,Revolver (Super Deluxe),133.167,7,1,2022-10-28,0.604,0.467,-9.23,0.0715,0.0722,0.0,0.445,4,0.773,161280
Eleanor Rigby - Mono,Revolver (Super Deluxe),137.41,4,0,2022-10-28,0.256,0.572,-11.199,0.0368,0.954,0.0,0.317,4,0.895,129027
I'm Only Sleeping - Mono,Revolver (Super Deluxe),103.18,11,1,2022-10-28,0.436,0.488,-10.036,0.0307,0.542,2.21e-06,0.19,4,0.659,182160
Love You To - Mono,Revolver (Super Deluxe),123.72,5,1,2022-10-28,0.494,0.369,-11.455,0.042,0.637,2.67e-05,0.169,4,0.715,187720
"Here, There And Everywhere - Mono",Revolver (Super Deluxe),82.251,7,1,2022-10-28,0.238,0.545,-11.57,0.0268,0.866,0.0508,0.0797,4,0.388,145267
Get Back - Rooftop Performance / Take 1,Get Back (Rooftop Performance),124.176,2,1,2022-01-28,0.524,0.628,-11.84,0.0773,0.325,0.0995,0.195,4,0.272,283373
Get Back - Rooftop Performance / Take 2,Get Back (Rooftop Performance),125.572,9,1,2022-01-28,0.695,0.655,-9.648,0.0381,0.101,0.436,0.105,4,0.33,204187
Don't Let Me Down - Rooftop Performance / Take 1,Get Back (Rooftop Performance),81.92,6,0,2022-01-28,0.513,0.592,-8.778,0.0322,0.321,0.00017,0.182,4,0.744,202467
I've Got A Feeling - Rooftop Performance / Take 1,Get Back (Rooftop Performance),165.416,2,1,2022-01-28,0.629,0.392,-11.235,0.172,0.155,0.00699,0.0847,4,0.352,283720
One After 909 - Rooftop Performance,Get Back (Rooftop Performance),90.474,4,1,2022-01-28,0.87,0.521,-8.985,0.237,0.0254,1.8e-06,0.622,4,0.723,189200
Dig A Pony - Rooftop Performance,Get Back (Rooftop Performance),116.556,11,0,2022-01-28,0.373,0.49,-12.993,0.0574,0.454,4.01e-05,0.117,3,0.346,352040
God Save The Queen - Rooftop Performance / Jam,Get Back (Rooftop Performance),132.388,7,1,2022-01-28,0.389,0.676,-9.622,0.0988,0.675,0.192,0.0482,4,0.898,25760
I've Got A Feeling - Rooftop Performance / Take 2,Get Back (Rooftop Performance),81.332,9,1,2022-01-28,0.532,0.521,-11.183,0.0964,0.346,0.00866,0.234,4,0.313,335133
Don't Let Me Down - Rooftop Performance / Take 2,Get Back (Rooftop Performance),81.846,6,0,2022-01-28,0.489,0.548,-10.463,0.0468,0.272,0.000826,0.328,4,0.605,209587
Get Back - Rooftop Performance / Take 3,Get Back (Rooftop Performance),126.059,2,1,2022-01-28,0.633,0.617,-11.507,0.0819,0.0833,0.194,0.116,4,0.315,226587
Two Of Us - 2021 Mix,Let It Be (Super Deluxe),109.111,7,1,2021-10-15,0.756,0.692,-9.677,0.0402,0.0356,8.8e-05,0.219,4,0.826,216480
Dig A Pony - 2021 Mix,Let It Be (Super Deluxe),118.377,11,0,2021-10-15,0.5,0.461,-8.023,0.0478,0.183,9.94e-06,0.209,3,0.393,234760
Across The Universe - 2021 Mix,Let It Be (Super Deluxe),76.148,1,1,2021-10-15,0.467,0.414,-9.189,0.027,0.552,2.28e-05,0.0779,4,0.752,228093
I Me Mine - 2021 Mix,Let It Be (Super Deluxe),128.47,4,0,2021-10-15,0.587,0.423,-8.14,0.0415,0.14,0.0,0.118,4,0.575,145053
Dig It - 2021 Mix,Let It Be (Super Deluxe),155.067,5,1,2021-10-15,0.564,0.519,-9.868,0.0742,0.452,0.00486,0.273,3,0.795,50653
Let It Be - 2021 Mix,Let It Be (Super Deluxe),144.338,0,1,2021-10-15,0.413,0.407,-8.129,0.0302,0.332,4.49e-06,0.107,4,0.556,243173
Maggie Mae - 2021 Mix,Let It Be (Super Deluxe),169.081,7,1,2021-10-15,0.627,0.525,-8.052,0.237,0.247,0.0,0.124,4,0.76,40213
I've Got A Feeling - 2021 Mix,Let It Be (Super Deluxe),165.614,2,1,2021-10-15,0.722,0.413,-7.463,0.0468,0.11,6.04e-06,0.151,4,0.382,217547
One After 909 - 2021 Mix,Let It Be (Super Deluxe),90.782,4,1,2021-10-15,0.956,0.545,-5.549,0.116,0.0632,0.0,0.63,4,0.776,174013
The Long And Winding Road - 2021 Mix,Let It Be (Super Deluxe),66.436,3,1,2021-10-15,0.379,0.314,-10.028,0.0271,0.82,0.00202,0.0852,4,0.319,217600
For You Blue - 2021 Mix,Let It Be (Super Deluxe),128.317,2,1,2021-10-15,0.605,0.854,-10.995,0.084,0.349,0.0789,0.274,4,0.929,152533
Get Back - 2021 Mix,Let It Be (Super Deluxe),123.091,2,1,2021-10-15,0.656,0.734,-10.443,0.0789,0.176,0.0029,0.665,4,0.366,188267
Morning Camera / Two Of Us - Take 4,Let It Be (Super Deluxe),107.858,7,1,2021-10-15,0.671,0.718,-10.5,0.047,0.053,0.000611,0.352,4,0.762,222280
Maggie Mae / Fancy My Chances With You - Mono,Let It Be (Super Deluxe),107.59,7,1,2021-10-15,0.544,0.622,-7.59,0.071,0.717,0.0,0.101,4,0.803,58400
Can You Dig It?,Let It Be (Super Deluxe),141.355,7,1,2021-10-15,0.864,0.635,-7.495,0.0833,0.215,6.43e-06,0.362,4,0.717,122360
I Don't Know Why I'm Moaning - Speech / Mono,Let It Be (Super Deluxe),113.374,2,1,2021-10-15,0.457,0.582,-14.507,0.322,0.916,0.0,0.0771,4,0.488,82013
For You Blue - Take 4,Let It Be (Super Deluxe),127.789,2,1,2021-10-15,0.809,0.709,-9.73,0.099,0.24,0.0222,0.216,4,0.784,172947
Let It Be / Please Please Me / Let It Be - Take 10,Let It Be (Super Deluxe),142.038,0,1,2021-10-15,0.424,0.494,-10.874,0.0646,0.905,4.76e-05,0.132,4,0.481,272680
I’ve Got A Feeling - Take 10,Let It Be (Super Deluxe),81.095,2,1,2021-10-15,0.622,0.399,-7.628,0.0358,0.143,0.00263,0.119,4,0.306,217680
Dig A Pony - Take 14,Let It Be (Super Deluxe),118.441,11,0,2021-10-15,0.399,0.53,-8.978,0.0702,0.661,7.58e-06,0.232,3,0.376,241440
Get Back - Take 19,Let It Be (Super Deluxe),121.379,2,1,2021-10-15,0.619,0.74,-10.737,0.0672,0.439,0.0385,0.0634,4,0.633,237360
Like Making An Album? - Speech,Let It Be (Super Deluxe),71.469,7,1,2021-10-15,0.18,0.62,-18.793,0.562,0.789,0.0,0.134,3,0.641,42560
One After 909 - Take 3,Let It Be (Super Deluxe),163.566,4,1,2021-10-15,0.891,0.293,-7.324,0.19,0.0451,0.0,0.268,4,0.706,207173
Don’t Let Me Down - First Rooftop Performance,Let It Be (Super Deluxe),163.347,4,1,2021-10-15,0.502,0.455,-7.539,0.0493,0.699,0.000156,0.094,4,0.674,209453
The Long And Winding Road - Take 19,Let It Be (Super Deluxe),135.137,3,1,2021-10-15,0.319,0.516,-10.031,0.0306,0.868,0.000101,0.108,4,0.237,227387
Wake Up Little Susie / I Me Mine - Take 11,Let It Be (Super Deluxe),187.098,9,0,2021-10-15,0.508,0.409,-11.582,0.167,0.401,0.314,0.216,3,0.376,135760
On The Day Shift Now / All Things Must Pass - Rehearsals / Mono,Let It Be (Super Deluxe),124.606,9,1,2021-10-15,0.453,0.492,-11.041,0.0591,0.863,0.0,0.241,4,0.428,262227
Concentrate On The Sound - Mono,Let It Be (Super Deluxe),115.822,2,1,2021-10-15,0.451,0.543,-15.496,0.4,0.977,0.000209,0.196,3,0.467,67240
Gimme Some Truth - Rehearsal / Mono,Let It Be (Super Deluxe),79.194,7,1,2021-10-15,0.319,0.616,-11.198,0.139,0.834,2.47e-05,0.357,1,0.35,79707
I Me Mine - Rehearsal / Mono,Let It Be (Super Deluxe),175.233,4,0,2021-10-15,0.536,0.34,-9.8,0.0463,0.797,0.0,0.37,3,0.673,95693
She Came In Through The Bathroom Window - Rehearsal,Let It Be (Super Deluxe),71.105,2,1,2021-10-15,0.29,0.531,-12.716,0.0531,0.713,9.47e-06,0.26,4,0.336,170400
Polythene Pam - Rehearsal / Mono,Let It Be (Super Deluxe),157.595,4,0,2021-10-15,0.57,0.568,-10.617,0.341,0.916,8.91e-06,0.147,1,0.783,79507
Octopus’s Garden - Rehearsal / Mono,Let It Be (Super Deluxe),181.077,0,1,2021-10-15,0.345,0.406,-13.399,0.318,0.919,0.0,0.723,4,0.411,110027
Oh! Darling - Jam,Let It Be (Super Deluxe),84.359,9,1,2021-10-15,0.471,0.603,-8.248,0.0297,0.448,6.56e-06,0.288,3,0.31,319400
Get Back - Take 8,Let It Be (Super Deluxe),119.619,2,1,2021-10-15,0.672,0.737,-9.577,0.0517,0.369,0.0131,0.074,4,0.367,232787
The Walk - Jam,Let It Be (Super Deluxe),112.519,9,1,2021-10-15,0.67,0.75,-8.019,0.0787,0.568,7.29e-05,0.0996,4,0.662,55747
Without A Song - Jam,Let It Be (Super Deluxe),126.794,10,1,2021-10-15,0.396,0.574,-9.874,0.0354,0.875,0.000129,0.0653,3,0.428,120640
Something - Rehearsal / Mono,Let It Be (Super Deluxe),75.368,9,1,2021-10-15,0.346,0.529,-13.309,0.218,0.893,6.19e-06,0.187,4,0.288,84107
Let It Be - Take 28,Let It Be (Super Deluxe),140.934,0,1,2021-10-15,0.448,0.419,-8.675,0.0647,0.433,0.000988,0.209,4,0.339,282333
One After 909 - 1969 Glyn Johns Mix,Let It Be (Super Deluxe),90.974,4,1,2021-10-15,0.872,0.494,-8.006,0.125,0.00752,0.0,0.292,4,0.889,186800
Medley: I’m Ready (aka Rocker) / Save The Last Dance For Me / Don’t Let Me Down - 1969 Glyn Johns Mix,Let It Be (Super Deluxe),114.447,6,0,2021-10-15,0.44,0.53,-13.959,0.152,0.75,0.0014,0.164,4,0.818,116373
Don't Let Me Down - 1969 Glyn Johns Mix,Let It Be (Super Deluxe),154.318,4,1,2021-10-15,0.342,0.469,-10.952,0.0752,0.723,4.11e-05,0.264,4,0.515,245467
Dig A Pony - 1969 Glyn Johns Mix,Let It Be (Super Deluxe),119.222,2,1,2021-10-15,0.314,0.481,-10.906,0.0427,0.73,0.0,0.579,3,0.416,253107
I've Got A Feeling - 1969 Glyn Johns Mix,Let It Be (Super Deluxe),167.372,2,1,2021-10-15,0.543,0.502,-11.7,0.0348,0.708,1.11e-05,0.15,4,0.635,173493
Get Back - 1969 Glyn Johns Mix,Let It Be (Super Deluxe),122.637,2,1,2021-10-15,0.528,0.711,-12.262,0.0382,0.577,0.0495,0.0986,4,0.296,193640
For You Blue - 1969 Glyn Johns Mix,Let It Be (Super Deluxe),128.235,2,1,2021-10-15,0.516,0.734,-13.881,0.0991,0.696,0.0425,0.416,4,0.823,174320
Teddy Boy - 1969 Glyn Johns Mix,Let It Be (Super Deluxe),146.242,2,1,2021-10-15,0.424,0.629,-12.57,0.0457,0.713,0.0,0.253,4,0.667,221640
Two Of Us - 1969 Glyn Johns Mix,Let It Be (Super Deluxe),105.038,7,1,2021-10-15,0.514,0.704,-14.626,0.0368,0.543,3.31e-06,0.248,4,0.753,209693
Maggie Mae - 1969 Glyn Johns Mix,Let It Be (Super Deluxe),168.087,0,1,2021-10-15,0.452,0.453,-12.153,0.14,0.396,0.0,0.105,4,0.585,38467
Dig It - 1969 Glyn Johns Mix,Let It Be (Super Deluxe),155.196,5,1,2021-10-15,0.517,0.391,-13.318,0.0735,0.643,2.69e-06,0.424,3,0.842,249680
Come Together - 2019 Mix,Abbey Road (Super Deluxe Edition),164.891,9,0,2019-09-27,0.36,0.536,-10.973,0.0408,0.0823,0.167,0.0996,4,0.147,260200
Something - 2019 Mix,Abbey Road (Super Deluxe Edition),133.298,0,1,2019-09-27,0.385,0.416,-9.388,0.0279,0.0958,5.24e-06,0.228,4,0.458,182227
Maxwell's Silver Hammer - 2019 Mix,Abbey Road (Super Deluxe Edition),131.099,2,1,2019-09-27,0.386,0.816,-9.443,0.0382,0.497,9.31e-05,0.309,4,0.708,207973
Oh! Darling - 2019 Mix,Abbey Road (Super Deluxe Edition),173.67,4,1,2019-09-27,0.669,0.437,-6.524,0.0395,0.0344,0.00395,0.347,3,0.514,207147
Octopus's Garden - 2019 Mix,Abbey Road (Super Deluxe Edition),92.253,1,0,2019-09-27,0.645,0.565,-6.194,0.0332,0.113,0.000625,0.124,4,0.626,170800
I Want You (She's So Heavy) - 2019 Mix,Abbey Road (Super Deluxe Edition),142.872,9,0,2019-09-27,0.5,0.326,-8.388,0.0315,0.0208,0.0473,0.0941,3,0.365,467360
Here Comes The Sun - 2019 Mix,Abbey Road (Super Deluxe Edition),129.101,9,1,2019-09-27,0.557,0.569,-10.208,0.0428,0.038,0.000228,0.136,4,0.292,185707
Because - 2019 Mix,Abbey Road (Super Deluxe Edition),161.293,2,1,2019-09-27,0.283,0.178,-11.436,0.0298,0.613,8.04e-05,0.127,4,0.19,165613
You Never Give Me Your Money - 2019 Mix,Abbey Road (Super Deluxe Edition),173.751,0,1,2019-09-27,0.442,0.33,-12.216,0.035,0.317,0.0762,0.149,3,0.326,242667
Sun King - 2019 Mix,Abbey Road (Super Deluxe Edition),149.875,2,1,2019-09-27,0.274,0.406,-15.138,0.0301,0.186,0.138,0.258,4,0.199,146333
Mean Mr Mustard - 2019 Mix,Abbey Road (Super Deluxe Edition),100.497,4,1,2019-09-27,0.674,0.69,-7.983,0.0391,0.0254,6.59e-06,0.47,4,0.915,66467
Polythene Pam - 2019 Mix,Abbey Road (Super Deluxe Edition),166.72,11,0,2019-09-27,0.833,0.47,-8.017,0.0569,0.00203,0.706,0.133,4,0.491,72800
She Came In Through The Bathroom Window - 2019 Mix,Abbey Road (Super Deluxe Edition),80.647,2,1,2019-09-27,0.752,0.527,-7.806,0.0298,0.00307,4.49e-05,0.329,4,0.738,118813
Golden Slumbers - 2019 Mix,Abbey Road (Super Deluxe Edition),80.663,0,1,2019-09-27,0.181,0.395,-11.098,0.0284,0.303,0.000184,0.16,4,0.221,91440
Carry That Weight - 2019 Mix,Abbey Road (Super Deluxe Edition),84.005,0,1,2019-09-27,0.558,0.494,-7.604,0.0283,0.0915,0.000786,0.243,4,0.625,96440
The End - 2019 Mix,Abbey Road (Super Deluxe Edition),123.358,2,1,2019-09-27,0.532,0.624,-9.15,0.0606,0.00045,0.142,0.151,1,0.125,141907
Her Majesty - 2019 Mix,Abbey Road (Super Deluxe Edition),100.526,0,1,2019-09-27,0.182,0.742,-20.25,0.0986,0.647,2.9e-06,0.344,3,0.565,25120
I Want You (She's So Heavy) - Trident Recording Session & Reduction Mix,Abbey Road (Super Deluxe Edition),143.811,5,1,2019-09-27,0.383,0.36,-10.2,0.0384,0.13,0.00115,0.273,3,0.373,419600
Goodbye - Home Demo,Abbey Road (Super Deluxe Edition),126.695,11,1,2019-09-27,0.174,0.556,-15.047,0.0462,0.918,0.000681,0.114,3,0.563,143707
Something - Studio Demo,Abbey Road (Super Deluxe Edition),139.822,9,1,2019-09-27,0.187,0.408,-15.354,0.035,0.955,0.000575,0.0766,4,0.243,217227
The Ballad Of John And Yoko - Take 7,Abbey Road (Super Deluxe Edition),132.918,9,1,2019-09-27,0.732,0.695,-12.57,0.0545,0.0681,0.0,0.164,4,0.672,217653
Old Brown Shoe - Take 2,Abbey Road (Super Deluxe Edition),142.441,0,1,2019-09-27,0.731,0.639,-11.706,0.0504,0.447,0.0,0.0371,4,0.372,195827
Oh! Darling - Take 4,Abbey Road (Super Deluxe Edition),86.298,6,0,2019-09-27,0.51,0.596,-10.309,0.0285,0.307,2.95e-05,0.326,3,0.545,210720
Octopus's Garden - Take 9,Abbey Road (Super Deluxe Edition),91.26,1,0,2019-09-27,0.412,0.699,-13.846,0.098,0.0851,1.44e-05,0.178,4,0.837,103000
You Never Give Me Your Money - Take 36,Abbey Road (Super Deluxe Edition),170.359,0,1,2019-09-27,0.455,0.375,-12.732,0.0635,0.621,0.00568,0.131,3,0.377,317880
Her Majesty - Takes 1-3,Abbey Road (Super Deluxe Edition),100.276,2,1,2019-09-27,0.134,0.691,-21.742,0.355,0.75,0.00153,0.144,4,0.509,93947
Golden Slumbers / Carry That Weight - Takes 1-3 / Medley,Abbey Road (Super Deluxe Edition),81.134,0,1,2019-09-27,0.202,0.561,-14.609,0.0331,0.674,0.00102,0.147,4,0.235,200507
Here Comes The Sun - Take 9,Abbey Road (Super Deluxe Edition),126.629,9,1,2019-09-27,0.555,0.581,-11.948,0.0305,0.0408,0.00492,0.0917,4,0.562,220973
Maxwell's Silver Hammer - Take 12,Abbey Road (Super Deluxe Edition),129.09,2,1,2019-09-27,0.319,0.787,-13.836,0.146,0.237,0.000506,0.251,4,0.701,284440
Come Together - Take 5,Abbey Road (Super Deluxe Edition),166.035,9,0,2019-09-27,0.314,0.598,-15.136,0.171,0.096,0.000621,0.149,4,0.277,210147
The End - Take 3,Abbey Road (Super Deluxe Edition),122.778,11,0,2019-09-27,0.42,0.671,-15.477,0.21,0.000927,0.706,0.507,4,0.539,131080
Come And Get It - Studio Demo,Abbey Road (Super Deluxe Edition),87.938,4,1,2019-09-27,0.405,0.572,-12.66,0.0344,0.00356,0.0,0.178,4,0.494,162760
Sun King - Take 20,Abbey Road (Super Deluxe Edition),77.076,2,1,2019-09-27,0.23,0.559,-19.72,0.0621,0.444,0.0305,0.182,4,0.286,194027
Mean Mr. Mustard - Take 20,Abbey Road (Super Deluxe Edition),92.501,6,0,2019-09-27,0.553,0.59,-12.316,0.0421,0.023,0.0152,0.538,4,0.628,94293
Polythene Pam - Take 27,Abbey Road (Super Deluxe Edition),165.489,0,1,2019-09-27,0.708,0.479,-12.094,0.0871,0.0734,0.0252,0.371,4,0.518,99160
She Came In Through The Bathroom Window - Take 27,Abbey Road (Super Deluxe Edition),79.384,2,1,2019-09-27,0.681,0.594,-10.971,0.0286,0.00673,0.00128,0.1,4,0.858,126080
Because - Take 1 / Instrumental,Abbey Road (Super Deluxe Edition),165.109,9,1,2019-09-27,0.381,0.328,-17.94,0.0745,0.458,0.191,0.0799,4,0.2,187520
"The Long One - Comprising of ‘You Never Give Me Your Money’, ’Sun King’/’Mean Mr Mustard’, ‘Her Majesty’, ‘Polythene Pam’/’She Came In Through The Bathroom Window’, ’Golden Slumbers’/ ’Carry That Weight’, ’The End’",Abbey Road (Super Deluxe Edition),84.037,0,1,2019-09-27,0.425,0.403,-11.09,0.0405,0.0565,0.00839,0.0788,4,0.243,970467
Something - Take 39 / Instrumental / Strings Only,Abbey Road (Super Deluxe Edition),74.502,7,1,2019-09-27,0.229,0.0959,-14.741,0.0388,0.79,0.942,0.0715,1,0.0677,161720
Golden Slumbers / Carry That Weight - Take 17 / Instrumental / Strings & Brass Only,Abbey Road (Super Deluxe Edition),83.482,0,1,2019-09-27,0.218,0.178,-9.474,0.0336,0.829,0.768,0.101,4,0.15,197267
Back In The U.S.S.R. - 2018 Mix,The Beatles,142.657,9,1,2018-11-09,0.893,0.51,-9.267,0.0342,0.00102,5.85e-05,0.201,4,0.934,163467
Dear Prudence - 2018 Mix,The Beatles,150.785,2,1,2018-11-09,0.538,0.395,-10.3,0.0456,0.0904,0.000453,0.0685,4,0.369,234973
Glass Onion - 2018 Mix,The Beatles,120.356,7,0,2018-11-09,0.555,0.529,-8.839,0.0508,0.00236,0.003,0.093,4,0.615,137707
"Ob-La-Di, Ob-La-Da - 2018 Mix",The Beatles,113.193,10,1,2018-11-09,0.776,0.803,-7.561,0.0333,0.149,0.00471,0.222,4,0.969,188813
Wild Honey Pie - 2018 Mix,The Beatles,89.897,9,0,2018-11-09,0.689,0.749,-10.883,0.0346,0.278,0.759,0.796,4,0.299,53000
The Continuing Story Of Bungalow Bill - 2018 Mix,The Beatles,114.796,0,1,2018-11-09,0.56,0.659,-9.561,0.0648,0.295,0.0,0.683,4,0.738,194187
While My Guitar Gently Weeps - 2018 Mix,The Beatles,115.124,2,1,2018-11-09,0.668,0.421,-9.234,0.0364,0.00196,0.0172,0.307,4,0.635,285280
Happiness Is A Warm Gun - 2018 Mix,The Beatles,138.935,9,0,2018-11-09,0.534,0.461,-9.912,0.0592,0.131,5.63e-06,0.107,4,0.459,164520
Martha My Dear - 2018 Mix,The Beatles,89.212,10,1,2018-11-09,0.328,0.641,-10.709,0.0313,0.788,7.77e-05,0.157,4,0.858,148480
I'm So Tired - 2018 Mix,The Beatles,69.925,9,1,2018-11-09,0.485,0.44,-10.989,0.28,0.496,1.11e-05,0.508,4,0.717,123400
Blackbird - 2018 Mix,The Beatles,93.82,7,1,2018-11-09,0.123,0.649,-15.657,0.0396,0.825,3.14e-06,0.0627,4,0.358,138360
Piggies - 2018 Mix,The Beatles,92.583,8,1,2018-11-09,0.471,0.527,-9.901,0.0314,0.2,0.0,0.0981,4,0.571,124307
Rocky Raccoon - 2018 Mix,The Beatles,78.943,7,1,2018-11-09,0.429,0.543,-10.249,0.0397,0.424,0.0,0.25,4,0.638,213080
Don't Pass Me By - 2018 Mix,The Beatles,84.995,0,1,2018-11-09,0.58,0.598,-8.082,0.0262,0.472,1.07e-06,0.248,4,0.961,230307
Why Don't We Do It In The Road? - 2018 Mix,The Beatles,188.181,7,1,2018-11-09,0.524,0.532,-8.057,0.0545,0.493,8.68e-06,0.0601,4,0.845,101733
I Will - 2018 Mix,The Beatles,103.123,5,1,2018-11-09,0.348,0.621,-12.808,0.0251,0.661,0.000294,0.0899,4,0.9,105787
Julia - 2018 Mix,The Beatles,134.702,2,1,2018-11-09,0.091,0.399,-15.499,0.0314,0.849,0.000105,0.106,4,0.185,176133
Birthday - 2018 Mix,The Beatles,139.374,2,1,2018-11-09,0.662,0.587,-8.056,0.0398,2.27e-05,0.165,0.194,4,0.964,161987
Yer Blues - 2018 Mix,The Beatles,104.258,4,1,2018-11-09,0.608,0.328,-9.17,0.0467,0.000652,0.216,0.0948,4,0.48,241000
Mother Nature's Son - 2018 Mix,The Beatles,84.761,2,1,2018-11-09,0.197,0.564,-16.103,0.0255,0.614,0.208,0.271,4,0.473,167827
Everybody's Got Something To Hide Except Me And My Monkey - 2018 Mix,The Beatles,117.153,2,1,2018-11-09,0.775,0.503,-6.719,0.0683,0.00445,5.31e-05,0.0554,4,0.738,144653
Sexy Sadie - 2018 Mix,The Beatles,149.62,7,1,2018-11-09,0.546,0.483,-9.039,0.0299,0.279,0.00113,0.198,4,0.732,195427
Helter Skelter - 2018 Mix,The Beatles,167.748,4,1,2018-11-09,0.884,0.22,-7.21,0.0913,0.000218,0.141,0.828,4,0.248,269773
"Long, Long, Long - 2018 Mix",The Beatles,104.767,5,1,2018-11-09,0.23,0.337,-11.589,0.0282,0.35,0.139,0.103,4,0.106,186427
Revolution 1 - 2018 Mix,The Beatles,98.997,9,1,2018-11-09,0.674,0.37,-8.39,0.0411,0.0974,0.000296,0.427,4,0.583,255653
Honey Pie - 2018 Mix,The Beatles,144.06,7,1,2018-11-09,0.357,0.592,-11.976,0.0622,0.893,4.96e-05,0.136,4,0.489,161160
Savoy Truffle - 2018 Mix,The Beatles,120.922,11,0,2018-11-09,0.616,0.63,-7.972,0.0504,0.00938,0.00962,0.0792,3,0.912,174440
Cry Baby Cry - 2018 Mix,The Beatles,76.795,0,1,2018-11-09,0.475,0.481,-11.762,0.0264,0.129,0.0209,0.196,4,0.489,181867
Revolution 9 - 2018 Mix,The Beatles,82.224,9,0,2018-11-09,0.706,0.193,-12.392,0.369,0.775,0.0908,0.782,4,0.119,500853
Good Night - 2018 Mix,The Beatles,95.082,7,1,2018-11-09,0.343,0.131,-15.122,0.0349,0.888,0.383,0.107,3,0.137,195213
Back In The U.S.S.R. - Esher Demo,The Beatles,127.719,7,1,2018-11-09,0.53,0.658,-8.48,0.0845,0.756,0.0,0.185,4,0.557,179907
Dear Prudence - Esher Demo,The Beatles,89.173,10,0,2018-11-09,0.266,0.387,-12.38,0.0302,0.655,0.0129,0.143,4,0.271,287053
Glass Onion - Esher Demo,The Beatles,113.622,4,1,2018-11-09,0.288,0.697,-9.951,0.0441,0.689,0.0,0.127,4,0.616,115600
"Ob-La-Di, Ob-La-Da - Esher Demo",The Beatles,118.73,8,1,2018-11-09,0.601,0.76,-7.883,0.0495,0.403,0.0,0.0859,4,0.549,190600
The Continuing Story Of Bungalow Bill - Esher Demo,The Beatles,109.317,8,0,2018-11-09,0.357,0.594,-9.262,0.0397,0.642,0.0,0.163,4,0.494,160920
While My Guitar Gently Weeps - Esher Demo,The Beatles,82.396,1,0,2018-11-09,0.321,0.503,-11.827,0.0468,0.835,0.0,0.353,4,0.36,161440
Happiness Is A Warm Gun - Esher Demo,The Beatles,138.625,5,1,2018-11-09,0.18,0.587,-12.486,0.0424,0.771,2.41e-05,0.161,5,0.186,115027
I'm So Tired - Esher Demo,The Beatles,152.361,11,1,2018-11-09,0.285,0.473,-11.598,0.101,0.756,0.0,0.925,4,0.42,190760
Blackbird - Esher Demo,The Beatles,89.156,7,1,2018-11-09,0.272,0.585,-12.194,0.0342,0.699,0.000274,0.0758,4,0.388,154520
Piggies - Esher Demo,The Beatles,175.566,2,1,2018-11-09,0.225,0.447,-11.622,0.0445,0.868,0.0,0.341,4,0.464,125787
Rocky Raccoon - Esher Demo,The Beatles,82.588,6,1,2018-11-09,0.297,0.6,-9.875,0.0349,0.619,0.0,0.301,4,0.356,164320
Julia - Esher Demo,The Beatles,138.715,3,1,2018-11-09,0.278,0.507,-11.235,0.0306,0.845,0.0344,0.228,4,0.261,236467
Yer Blues - Esher Demo,The Beatles,148.643,8,1,2018-11-09,0.467,0.567,-10.586,0.0432,0.374,0.000416,0.511,3,0.643,211387
Mother Nature's Son - Esher Demo,The Beatles,174.134,8,1,2018-11-09,0.324,0.356,-9.269,0.0282,0.835,0.000122,0.351,4,0.331,144413
Everybody's Got Something To Hide Except Me And My Monkey - Esher Demo,The Beatles,118.018,6,1,2018-11-09,0.587,0.678,-9.721,0.0398,0.131,0.0,0.31,4,0.704,183893
Sexy Sadie - Esher Demo,The Beatles,147.869,5,0,2018-11-09,0.283,0.432,-11.616,0.0528,0.783,1.95e-06,0.358,4,0.257,146693
Revolution - Esher Demo,The Beatles,121.509,5,0,2018-11-09,0.383,0.723,-9.526,0.0682,0.294,1.73e-05,0.118,4,0.569,246640
Honey Pie - Esher Demo,The Beatles,78.419,2,1,2018-11-09,0.47,0.633,-9.198,0.113,0.4,0.0,0.261,4,0.655,119907
Cry Baby Cry - Esher Demo,The Beatles,154.921,8,0,2018-11-09,0.277,0.63,-11.472,0.0529,0.805,0.0,0.332,4,0.717,147733
Sour Milk Sea - Esher Demo,The Beatles,127.317,7,1,2018-11-09,0.392,0.662,-9.967,0.0509,0.86,8.4e-06,0.378,4,0.402,223533
Twist And Shout - Live / Remastered,Live At The Hollywood Bowl,126.798,2,1,2016-09-09,0.777,0.263,-8.622,0.0382,7.81e-05,0.0,0.462,4,0.552,93507
She's A Woman - Live / Remastered,Live At The Hollywood Bowl,89.735,9,1,2016-09-09,0.882,0.36,-8.242,0.0462,0.0072,7.75e-06,0.872,4,0.538,192053
Dizzy Miss Lizzy - Live / Remastered,Live At The Hollywood Bowl,129.684,11,0,2016-09-09,0.87,0.418,-6.877,0.0507,0.0116,6.02e-05,0.584,4,0.732,219733
Ticket To Ride - Live / Remastered,Live At The Hollywood Bowl,121.183,2,1,2016-09-09,0.81,0.394,-8.07,0.0464,0.0029,0.0,0.318,4,0.325,146240
Can't Buy Me Love - Live / Remastered,Live At The Hollywood Bowl,86.468,5,1,2016-09-09,0.854,0.358,-7.722,0.049,0.00891,0.0,0.9,4,0.624,134867
Things We Said Today - Live / Remastered,Live At The Hollywood Bowl,72.244,5,1,2016-09-09,0.627,0.305,-8.525,0.0463,0.0669,0.0,0.802,4,0.488,138733
Roll Over Beethoven - Live / Remastered,Live At The Hollywood Bowl,179.693,2,1,2016-09-09,0.823,0.199,-8.032,0.0393,0.00204,0.0,0.631,3,0.73,134013
Boys - Live / Remastered,Live At The Hollywood Bowl,79.621,9,1,2016-09-09,0.941,0.279,-6.217,0.0712,0.0372,0.000231,0.853,4,0.642,128747
A Hard Day's Night - Live / Remastered,Live At The Hollywood Bowl,134.105,0,1,2016-09-09,0.872,0.287,-7.361,0.0555,0.0495,6.48e-06,0.917,4,0.594,193760
Help! - Live / Remastered,Live At The Hollywood Bowl,94.967,11,0,2016-09-09,0.77,0.286,-7.242,0.0517,0.024,0.0,0.835,4,0.538,172600
All My Loving - Live / Remastered,Live At The Hollywood Bowl,169.994,1,0,2016-09-09,0.663,0.203,-8.037,0.0349,0.0203,0.0,0.899,5,0.725,135253
She Loves You - Live / Remastered,Live At The Hollywood Bowl,78.408,4,0,2016-09-09,0.858,0.357,-8.421,0.0866,0.192,0.0,0.671,4,0.478,191000
Long Tall Sally - Live / Remastered,Live At The Hollywood Bowl,91.242,0,1,2016-09-09,0.908,0.38,-5.919,0.0483,0.0285,0.0,0.577,4,0.652,124653
You Can't Do That - Live / Bonus Track,Live At The Hollywood Bowl,136.18,0,1,2016-09-09,0.705,0.432,-8.396,0.0334,0.00224,0.0,0.834,4,0.677,154427
I Want To Hold Your Hand - Live / Bonus Track,Live At The Hollywood Bowl,141.085,7,1,2016-09-09,0.834,0.225,-8.425,0.0596,0.0177,0.0,0.948,4,0.518,149267
Everybody’s Trying To Be My Baby - Live / Bonus Track,Live At The Hollywood Bowl,175.22,9,1,2016-09-09,0.896,0.191,-5.996,0.0521,0.0548,0.0,0.488,4,0.728,141427
Baby's In Black - Live / Bonus Track,Live At The Hollywood Bowl,185.584,9,1,2016-09-09,0.756,0.202,-7.895,0.0528,0.0183,1.05e-06,0.918,3,0.669,164653
Yellow Submarine,Yellow Submarine Songtrack,110.618,1,1,2014-01-01,0.636,0.616,-7.055,0.0325,0.208,0.0,0.517,4,0.654,159160
Hey Bulldog,Yellow Submarine Songtrack,102.424,4,0,2014-01-01,0.824,0.568,-4.413,0.0333,0.0318,0.0126,0.197,4,0.826,191840
Eleanor Rigby,Yellow Submarine Songtrack,137.382,4,0,2014-01-01,0.301,0.521,-7.118,0.0356,0.836,0.0,0.398,4,0.621,125227
Love You To,Yellow Submarine Songtrack,124.655,5,1,2014-01-01,0.649,0.399,-8.879,0.0508,0.555,4.53e-05,0.113,4,0.657,178707
All Together Now,Yellow Submarine Songtrack,96.245,11,0,2014-01-01,0.413,0.606,-7.902,0.0622,0.116,0.0,0.352,4,0.889,130627
Lucy In The Sky With Diamonds,Yellow Submarine Songtrack,138.311,2,1,2014-01-01,0.388,0.421,-7.754,0.0302,0.0137,0.0,0.297,3,0.651,208400
Think For Yourself,Yellow Submarine Songtrack,130.438,0,1,2014-01-01,0.591,0.528,-7.411,0.0282,0.0162,0.0,0.0726,4,0.796,138640
Sgt Pepper's Lonely Hearts Club Band,Yellow Submarine Songtrack,189.782,7,1,2014-01-01,0.85,0.33,-5.788,0.374,0.126,1.51e-05,0.834,4,0.602,121360
With A Little Help From My Friends,Yellow Submarine Songtrack,112.277,4,1,2014-01-01,0.558,0.707,-6.697,0.0349,0.355,0.0,0.159,4,0.758,165667
Baby You're A Rich Man,Yellow Submarine Songtrack,96.886,7,1,2014-01-01,0.606,0.663,-5.758,0.0307,0.0215,0.0,0.119,4,0.412,180600
Only A Northern Song,Yellow Submarine Songtrack,106.807,6,0,2014-01-01,0.723,0.364,-7.378,0.0506,0.000409,0.000192,0.0859,4,0.78,204507
All You Need Is Love,Yellow Submarine Songtrack,102.967,7,1,2014-01-01,0.483,0.364,-8.22,0.0317,0.281,1.53e-06,0.113,4,0.7,226667
When I'm Sixty Four,Yellow Submarine Songtrack,140.164,1,1,2014-01-01,0.224,0.717,-10.832,0.056,0.683,0.0,0.13,4,0.594,159093
Nowhere Man,Yellow Submarine Songtrack,122.174,4,1,2014-01-01,0.646,0.534,-8.998,0.0366,0.0155,1.42e-05,0.142,4,0.852,162400
It's All Too Much,Yellow Submarine Songtrack,113.521,7,1,2014-01-01,0.81,0.48,-6.167,0.0382,4.71e-05,0.0327,0.262,4,0.208,385600
Get Back - Naked Version / Remastered 2013,Let It Be... Naked (Remastered),123.585,7,1,2014-01-01,0.629,0.811,-9.012,0.0429,0.045,0.00145,0.0709,4,0.54,154849
Dig A Pony - Naked Version / Remastered 2013,Let It Be... Naked (Remastered),117.916,11,0,2014-01-01,0.502,0.503,-8.148,0.0414,0.498,0.0,0.178,3,0.499,218129
For You Blue - Naked Version / Remastered 2013,Let It Be... Naked (Remastered),128.9,2,1,2014-01-01,0.625,0.854,-10.091,0.0946,0.276,0.00906,0.13,4,0.86,147809
The Long And Winding Road - Naked Version / Remastered 2013,Let It Be... Naked (Remastered),135.754,3,1,2014-01-01,0.266,0.569,-10.684,0.0303,0.945,0.000523,0.142,4,0.279,214382
Two Of Us - Naked Version / Remastered 2013,Let It Be... Naked (Remastered),109.904,7,1,2014-01-01,0.74,0.699,-9.959,0.042,0.157,9.98e-06,0.147,4,0.913,200836
I've Got A Feeling - Naked Version / Remastered 2013,Let It Be... Naked (Remastered),164.605,2,1,2014-01-01,0.73,0.427,-7.786,0.0756,0.0311,0.0,0.135,4,0.399,210902
One After 909 - Naked Version / Remastered 2013,Let It Be... Naked (Remastered),182.399,1,0,2014-01-01,0.894,0.408,-6.746,0.123,0.0376,0.0,0.319,4,0.866,164102
Don't Let Me Down - Naked Version / Remastered 2013,Let It Be... Naked (Remastered),163.63,4,1,2014-01-01,0.489,0.486,-8.626,0.0365,0.147,8.63e-06,0.135,4,0.783,198862
I Me Mine - Naked Version / Remastered 2013,Let It Be... Naked (Remastered),128.451,4,0,2014-01-01,0.604,0.463,-8.626,0.0412,0.223,0.0,0.272,4,0.758,141462
Across The Universe - Naked Version / Remastered 2013,Let It Be... Naked (Remastered),159.441,2,1,2014-01-01,0.461,0.359,-10.683,0.0283,0.509,0.0,0.224,4,0.794,218222
Let It Be - Naked Version / Remastered 2013,Let It Be... Naked (Remastered),136.888,0,1,2014-01-01,0.404,0.47,-9.281,0.036,0.565,1.68e-05,0.152,4,0.468,235382
"And Here We Are Again - Live At The BBC For ""Pop Go The Beatles"" / 23rd July, 1963",On Air - Live At The BBC (Vol.2),47.246,8,1,2013-11-11,0.306,0.772,-16.52,0.932,0.773,0.0,0.281,3,0.965,15428
"Words Of Love - Live At The BBC For ""Pop Go The Beatles"" / 20th August, 1963",On Air - Live At The BBC (Vol.2),126.776,9,1,2013-11-11,0.607,0.634,-10.635,0.0277,0.776,0.000451,0.176,4,0.925,115747
"How About It, Gorgeous? - Live At The BBC For ""Pop Go The Beatles"" / 30th July, 1963",On Air - Live At The BBC (Vol.2),86.051,7,1,2013-11-11,0.176,0.649,-20.148,0.942,0.944,0.0,0.35,1,0.923,37267
"Do You Want To Know A Secret - Live At The BBC For ""Pop Go The Beatles"" / 30th July, 1963",On Air - Live At The BBC (Vol.2),135.669,1,0,2013-11-11,0.352,0.551,-11.919,0.0314,0.65,0.0,0.471,4,0.717,107520
"Lucille - Live At The BBC For ""Pop Go The Beatles"" / 17th September, 1963",On Air - Live At The BBC (Vol.2),137.253,7,0,2013-11-11,0.843,0.588,-9.296,0.044,0.752,0.00275,0.476,4,0.91,148800
"Hey Paul…. - Live At The BBC For ""Pop Go The Beatles"" / 25th June, 1963",On Air - Live At The BBC (Vol.2),125.657,11,1,2013-11-11,0.16,0.769,-18.609,0.935,0.852,0.0,0.153,4,0.969,21067
"Anna (Go To Him) - Live At The BBC For ""Pop Go The Beatles"" / 27th August, 1963",On Air - Live At The BBC (Vol.2),111.623,2,1,2013-11-11,0.474,0.71,-11.609,0.0331,0.944,0.0163,0.256,4,0.813,169560
"Hello! - Live At The BBC For ""Pop Go The Beatles"" / 25th June, 1963",On Air - Live At The BBC (Vol.2),130.195,6,1,2013-11-11,0.26,0.736,-19.874,0.943,0.907,0.0,0.265,5,0.973,18880
"Please Please Me - Live At The BBC For ""Pop Go The Beatles"" / 13th August, 1963",On Air - Live At The BBC (Vol.2),140.608,4,1,2013-11-11,0.614,0.524,-10.379,0.0376,0.798,0.0,0.213,4,0.824,115440
"Misery - Live At The BBC For ""Here We Go"" / 12th March, 1963",On Air - Live At The BBC (Vol.2),136.854,0,1,2013-11-11,0.535,0.68,-11.952,0.0346,0.298,0.0,0.833,4,0.858,109573
"I'm Talking About You - Live At The BBC For ""Saturday Club"" / 16th March, 1963",On Air - Live At The BBC (Vol.2),143.73,4,1,2013-11-11,0.772,0.579,-9.387,0.0419,0.826,0.742,0.548,4,0.948,112133
"A Real Treat - Live At The BBC For ""Pop Go The Beatles"" / 25th June, 1963",On Air - Live At The BBC (Vol.2),86.107,7,1,2013-11-11,0.254,0.742,-17.763,0.942,0.845,0.0,0.171,4,0.798,36720
"Boys - Live At The BBC For ""Pop Go The Beatles"" / 25th June, 1963",On Air - Live At The BBC (Vol.2),144.439,9,1,2013-11-11,0.609,0.502,-10.167,0.0364,0.644,0.0,0.496,4,0.792,148773
"Absolutely Fab - Live At The BBC For ""Pop Go The Beatles"" / 25th June, 1963",On Air - Live At The BBC (Vol.2),62.393,3,0,2013-11-11,0.289,0.786,-17.944,0.939,0.905,0.0,0.202,5,0.949,27387
"Chains - Live At The BBC For ""Pop Go The Beatles"" / 25th June, 1963",On Air - Live At The BBC (Vol.2),136.471,10,1,2013-11-11,0.576,0.517,-12.327,0.0434,0.545,0.0,0.081,4,0.924,135103
"Ask Me Why - Live At The BBC For ""Pop Go The Beatles"" / 24th September, 1963",On Air - Live At The BBC (Vol.2),138.523,4,1,2013-11-11,0.266,0.694,-11.334,0.0342,0.792,9.12e-05,0.0831,4,0.874,114231
"Till There Was You - Live At The BBC For ""Pop Go The Beatles"" / 30th July, 1963",On Air - Live At The BBC (Vol.2),118.11,5,1,2013-11-11,0.369,0.703,-11.754,0.0347,0.859,0.000102,0.0844,4,0.754,136173
"Lend Me Your Comb - Live At The BBC For ""Pop Go The Beatles"" / 16th July, 1963",On Air - Live At The BBC (Vol.2),79.103,4,1,2013-11-11,0.521,0.592,-10.106,0.0409,0.529,0.000441,0.0875,4,0.961,106853
"Lower 5E - Live At The BBC For ""Pop Go The Beatles"" / 10th September, 1963",On Air - Live At The BBC (Vol.2),129.03,1,1,2013-11-11,0.149,0.794,-15.714,0.946,0.962,0.0,0.151,4,0.96,23307
"The Hippy Hippy Shake - Live At The BBC For ""Pop Go The Beatles"" / 10th September, 1963",On Air - Live At The BBC (Vol.2),140.272,11,0,2013-11-11,0.763,0.504,-8.714,0.0763,0.692,0.00766,0.173,4,0.928,106133
"Roll Over Beethoven - Live At The BBC For ""Pop Go The Beatles"" / 3rd September, 1963",On Air - Live At The BBC (Vol.2),165.057,2,1,2013-11-11,0.885,0.391,-8.674,0.0628,0.961,8.41e-05,0.344,4,0.89,141853
"There's A Place - Live At The BBC For ""Pop Go The Beatles"" / 3rd September, 1963",On Air - Live At The BBC (Vol.2),71.852,4,1,2013-11-11,0.667,0.514,-8.532,0.0302,0.633,0.0,0.623,4,0.864,108960
"Bumper Bundle - Live At The BBC For ""Pop Go The Beatles"" / 25th June, 1963",On Air - Live At The BBC (Vol.2),115.763,1,0,2013-11-11,0.196,0.716,-19.778,0.943,0.854,0.0,0.109,5,0.906,49320
"P.S. I Love You - Live At The BBC For ""Pop Go The Beatles"" / 25th June, 1963",On Air - Live At The BBC (Vol.2),138.658,2,1,2013-11-11,0.295,0.55,-12.462,0.0313,0.451,7.83e-06,0.231,4,0.736,119333
"Please Mister Postman - Live At The BBC For ""Pop Go The Beatles"" / 30th July 1963",On Air - Live At The BBC (Vol.2),125.86,6,0,2013-11-11,0.549,0.704,-9.867,0.0346,0.823,0.0,0.123,4,0.922,136493
"Beautiful Dreamer - Live At The BBC For ""Saturday Club"" / 26th January, 1963",On Air - Live At The BBC (Vol.2),169.334,2,1,2013-11-11,0.765,0.44,-8.699,0.0855,0.84,0.166,0.2,4,0.81,106107
"Devil In Her Heart - Live At The BBC For ""Pop Go The Beatles"" / 25th September, 1963",On Air - Live At The BBC (Vol.2),122.336,7,1,2013-11-11,0.534,0.714,-10.296,0.0318,0.788,0.000262,0.344,4,0.897,141667
"The 49 Weeks - Live At The BBC For ""Pop Go The Beatles"" / 24th September, 1963",On Air - Live At The BBC (Vol.2),112.889,3,0,2013-11-11,0.2,0.861,-19.124,0.92,0.977,0.0,0.221,4,0.98,16627
"Sure To Fall (In Love With You) - Live At The BBC For ""Pop Go The Beatles"" / 24th September, 1963",On Air - Live At The BBC (Vol.2),117.334,9,1,2013-11-11,0.336,0.662,-10.685,0.0294,0.78,0.00123,0.177,4,0.723,140653
"Never Mind, Eh? - Live At The BBC For ""Pop Go The Beatles"" / 24th September, 1963",On Air - Live At The BBC (Vol.2),91.668,10,0,2013-11-11,0.164,0.716,-18.487,0.935,0.961,0.0,0.356,4,0.546,34280
"Twist And Shout - Live At The BBC For ""Pop Go The Beatles"" / 6th August, 1963",On Air - Live At The BBC (Vol.2),129.656,2,1,2013-11-11,0.753,0.65,-9.124,0.0359,0.601,0.0,0.0432,4,0.932,145320
"Bye, Bye - Live At The BBC For ""Pop Go The Beatles"" / 24th September, 1963",On Air - Live At The BBC (Vol.2),167.525,2,1,2013-11-11,0.201,0.628,-16.569,0.928,0.979,0.0,0.154,4,0.0,24067
"John - Pop Profile - Live At The BBC / 30th November, 1965",On Air - Live At The BBC (Vol.2),110.779,11,1,2013-11-11,0.186,0.7,-19.332,0.688,0.738,0.0,0.109,4,0.832,501880
"George - Pop Profile - Live At The BBC / 30th November, 1965",On Air - Live At The BBC (Vol.2),90.225,6,0,2013-11-11,0.118,0.596,-22.503,0.704,0.786,0.0,0.192,4,0.594,484661
"I Saw Her Standing There - Live At The BBC For ""Saturday Club"" / 5th October, 1963",On Air - Live At The BBC (Vol.2),79.471,4,1,2013-11-11,0.506,0.492,-12.635,0.0347,0.143,3.42e-06,0.118,4,0.96,155733
"Glad All Over - Live At The BBC For ""Saturday Club"" / 24th August, 1963",On Air - Live At The BBC (Vol.2),96.099,9,1,2013-11-11,0.581,0.638,-12.328,0.0429,0.623,0.0,0.53,4,0.959,112493
"Lift Lid Again - Live At The BBC For ""Saturday Club"" / 24th August, 1963",On Air - Live At The BBC (Vol.2),139.686,6,1,2013-11-11,0.16,0.678,-24.43,0.947,0.966,0.0,0.315,3,0.864,37000
"I'll Get You - Live At The BBC For ""Saturday Club"" / 5th October, 1963",On Air - Live At The BBC (Vol.2),124.64,4,1,2013-11-11,0.346,0.753,-14.072,0.0469,0.303,4.03e-06,0.146,4,0.953,122347
"She Loves You - Live At The BBC For ""Saturday Club"" / 5th October, 1963",On Air - Live At The BBC (Vol.2),155.13,4,0,2013-11-11,0.523,0.43,-10.254,0.0288,0.432,0.0,0.105,4,0.904,135240
"Memphis, Tennessee - Live At The BBC For ""Saturday Club"" / 5th October, 1963",On Air - Live At The BBC (Vol.2),98.125,11,1,2013-11-11,0.303,0.757,-11.923,0.0461,0.231,0.152,0.109,4,0.703,135893
"Happy Birthday Dear Saturday Club - Live At The BBC For ""Saturday Club"" / 5th October, 1963",On Air - Live At The BBC (Vol.2),160.832,4,1,2013-11-11,0.486,0.759,-11.775,0.137,0.722,0.0,0.105,4,0.863,33853
"Now Hush, Hush - Live At The BBC For ""Easy Beat"" / 20th October, 1963",On Air - Live At The BBC (Vol.2),86.702,1,1,2013-11-11,0.507,0.449,-12.375,0.658,0.93,0.0,0.924,4,0.444,24440
"From Me To You - Live At The BBC For ""Easy Beat"" / 20th October, 1963",On Air - Live At The BBC (Vol.2),143.192,0,1,2013-11-11,0.785,0.474,-8.422,0.0502,0.438,0.000101,0.533,4,0.793,110787
"Money (That's What I Want) - Live At The BBC For ""The Beatles Say From Us To You"" / 26th December, 1963",On Air - Live At The BBC (Vol.2),131.226,4,1,2013-11-11,0.67,0.633,-9.888,0.0377,0.811,0.00156,0.174,4,0.96,162813
"I Want To Hold Your Hand - Live At The BBC For ""The Beatles Say From Us To You"" / 26th December, 1963",On Air - Live At The BBC (Vol.2),132.471,7,1,2013-11-11,0.744,0.588,-10.502,0.0356,0.674,5.99e-05,0.336,4,0.865,143333
"Brian Bathtubes - Live At The BBC For ""Saturday Club"" / 21st December, 1963",On Air - Live At The BBC (Vol.2),61.03,6,1,2013-11-11,0.302,0.77,-17.059,0.942,0.953,0.0,0.226,3,0.797,58520
"This Boy - Live At The BBC For ""Saturday Club"" / 21st December, 1963",On Air - Live At The BBC (Vol.2),106.002,2,1,2013-11-11,0.45,0.632,-10.853,0.0323,0.815,0.000104,0.0922,3,0.529,136000
"If I Wasn’t In America - Live At The BBC For ""Saturday Club"" / 15th February, 1964",On Air - Live At The BBC (Vol.2),76.97,10,1,2013-11-11,0.54,0.674,-14.934,0.844,0.915,0.0012,0.648,5,0.958,44600
"I Got A Woman - Live At The BBC For ""Saturday Club"" / 4th April, 1964",On Air - Live At The BBC (Vol.2),112.343,4,1,2013-11-11,0.563,0.592,-11.998,0.0505,0.0257,0.000961,0.0751,4,0.772,155640
"Long Tall Sally - Live At The BBC For ""Top Gear"" / 16th July, 1964",On Air - Live At The BBC (Vol.2),173.556,7,1,2013-11-11,0.477,0.407,-11.479,0.0411,0.0026,0.00261,0.0411,4,0.782,118307
"Beatles Greetings - Live At The BBC For ""The Public Ear"" / 3rd November, 1963",Live At The BBC (Remastered),0.0,0,1,1994-11-30,0.29,0.0,-17.567,0.0,0.878,0.0,0.789,0,0.0,13773
"From Us To You - Live At The BBC / Opening Theme From ""From Us To You"" / 1964",Live At The BBC (Remastered),139.013,9,0,1994-11-30,0.773,0.643,-8.383,0.0395,0.0349,0.0514,0.08,4,0.88,29587
"Riding On A Bus - Live At The BBC For ""Top Gear"" / 26th November, 1964",Live At The BBC (Remastered),70.649,10,1,1994-11-30,0.135,0.646,-23.549,0.904,0.928,0.0,0.353,5,0.624,54893
"I Got A Woman - Live At The BBC For ""Pop Go The Beatles"" / 13th August, 1963",Live At The BBC (Remastered),103.446,4,1,1994-11-30,0.661,0.676,-9.981,0.0348,0.646,0.0,0.0965,4,0.909,168333
"Too Much Monkey Business - Live At The BBC For ""Pop Go The Beatles"" / 10th September, 1963",Live At The BBC (Remastered),90.715,1,0,1994-11-30,0.766,0.631,-9.194,0.0601,0.28,1.87e-06,0.086,4,0.965,127573
"Keep Your Hands Off My Baby - Live At The BBC For ""Saturday Club"" / 26th January, 1963",Live At The BBC (Remastered),134.925,7,1,1994-11-30,0.629,0.566,-11.637,0.103,0.0851,0.833,0.0795,4,0.885,151280
"I'll Be On My Way - Live At The BBC For ""Side By Side"" / 24th June, 1963",Live At The BBC (Remastered),125.477,9,1,1994-11-30,0.485,0.614,-12.902,0.0306,0.234,2.32e-06,0.142,4,0.79,117813
"Young Blood - Live At The BBC For ""Pop Go The Beatles"" / 11th June, 1963",Live At The BBC (Remastered),68.111,2,1,1994-11-30,0.615,0.474,-10.302,0.0358,0.697,0.0,0.926,4,0.923,115547
"A Shot Of Rhythm And Blues - Live At The BBC For ""Pop Go The Beatles"" / 27th August, 1963",Live At The BBC (Remastered),128.919,2,1,1994-11-30,0.752,0.699,-9.565,0.0354,0.879,0.000237,0.265,4,0.968,136000
"Sure To Fall (In Love With You) - Live At The BBC For ""Pop Go The Beatles"" / 18th June, 1963",Live At The BBC (Remastered),129.198,9,1,1994-11-30,0.53,0.485,-11.612,0.03,0.351,7.73e-06,0.587,4,0.896,128093
"Some Other Guy - Live At The BBC For ""Easy Beat"" / 23rd June, 1963",Live At The BBC (Remastered),94.578,2,1,1994-11-30,0.809,0.451,-10.967,0.0425,0.00388,0.442,0.139,4,0.895,121173
"Thank You Girl - Live At The BBC For ""Easy Beat"" / 23rd June, 1963",Live At The BBC (Remastered),140.796,2,1,1994-11-30,0.722,0.404,-11.698,0.0317,0.0183,0.0,0.122,4,0.932,124653
"Sha La La La La! - Live At The BBC For ""Pop Go The Beatles"" / 11th June, 1963",Live At The BBC (Remastered),102.36,1,0,1994-11-30,0.349,0.803,-19.668,0.887,0.583,0.0,0.457,3,0.95,28160
"Baby It's You - Live At The BBC For ""Pop Go The Beatles"" / 11th June, 1963",Live At The BBC (Remastered),114.533,4,0,1994-11-30,0.525,0.531,-13.038,0.0298,0.326,0.0,0.432,4,0.786,163547
"That's All Right (Mama) - Live At The BBC For ""Pop Go The Beatles"" / 16th July, 1963",Live At The BBC (Remastered),104.729,9,1,1994-11-30,0.657,0.671,-9.806,0.03,0.604,0.573,0.118,4,0.957,175640
"Carol - Live At The BBC For ""Pop Go The Beatles"" / 16th July, 1963",Live At The BBC (Remastered),155.616,9,1,1994-11-30,0.706,0.484,-11.505,0.0352,0.311,6.55e-06,0.0839,4,0.979,156227
"What Is It, George? - Live At The BBC For ""Pop Go The Beatles"" / 16th July, 1963",Live At The BBC (Remastered),102.311,1,1,1994-11-30,0.173,0.745,-23.719,0.93,0.784,0.0,0.506,3,0.649,31147
"Soldier Of Love - Live At The BBC For ""Pop Go The Beatles"" / 16th July, 1963",Live At The BBC (Remastered),123.777,5,1,1994-11-30,0.413,0.742,-11.965,0.04,0.319,2.62e-06,0.305,4,0.969,119120
"A Little Rhyme - Live At The BBC For ""Pop Go The Beatles"" / 16th July, 1963",Live At The BBC (Remastered),115.387,0,0,1994-11-30,0.182,0.744,-21.994,0.954,0.82,0.0,0.276,4,0.88,25693
"Clarabella - Live At The BBC For ""Pop Go The Beatles"" / 16th July, 1963",Live At The BBC (Remastered),132.094,7,1,1994-11-30,0.63,0.521,-11.097,0.0729,0.61,0.0,0.597,4,0.883,159947
"I'm Gonna Sit Right Down And Cry (Over You) - Live At The BBC For ""Pop Go The Beatles"" / 6th August, 1963",Live At The BBC (Remastered),98.026,0,1,1994-11-30,0.651,0.639,-11.385,0.047,0.357,8.98e-06,0.0737,4,0.942,122000
"Crying, Waiting, Hoping - Live At The BBC For ""Pop Go The Beatles"" / 6th August, 1963",Live At The BBC (Remastered),133.613,9,1,1994-11-30,0.312,0.647,-14.55,0.0358,0.689,0.0,0.1,4,0.895,131173
"Dear Wack! - Live At The BBC For ""Saturday Club"" / 24th August, 1963",Live At The BBC (Remastered),82.17,7,1,1994-11-30,0.15,0.626,-22.172,0.836,0.928,0.0,0.196,3,0.934,42653
"You Really Got A Hold On Me - Live At The BBC For ""Saturday Club"" / 24th August, 1963",Live At The BBC (Remastered),82.895,9,1,1994-11-30,0.294,0.649,-12.289,0.0322,0.721,0.0,0.0716,4,0.738,158227
"To Know Her Is To Love Her - Live At The BBC For ""Pop Go The Beatles"" / 6th August, 1963",Live At The BBC (Remastered),101.253,4,1,1994-11-30,0.34,0.45,-13.886,0.0336,0.777,0.0,0.22,3,0.456,170933
"A Taste Of Honey - Live At The BBC For ""Pop Go The Beatles"" / 23rd July, 1963",Live At The BBC (Remastered),100.443,4,1,1994-11-30,0.285,0.506,-12.723,0.0313,0.737,0.0,0.333,3,0.607,118693
"Long Tall Sally - Live At The BBC For ""Pop Go The Beatles"" / 13th August, 1963",Live At The BBC (Remastered),91.054,7,1,1994-11-30,0.666,0.593,-10.766,0.0485,0.267,0.000226,0.126,4,0.877,113973
"I Saw Her Standing There - Live At The BBC For ""Easy Beat"" / 20th October 1963",Live At The BBC (Remastered),164.869,4,1,1994-11-30,0.735,0.459,-9.772,0.0384,0.232,0.0,0.943,4,0.938,155133
"The Honeymoon Song - Live At The BBC For ""Pop Go The Beatles"" / 6th August, 1963",Live At The BBC (Remastered),134.904,4,1,1994-11-30,0.323,0.728,-14.612,0.0501,0.72,0.0,0.0794,4,0.799,99973
"Johnny B Goode - Live At The BBC For ""Saturday Club"" / 15th February, 1964",Live At The BBC (Remastered),152.231,9,1,1994-11-30,0.737,0.492,-10.537,0.0442,0.0281,1.45e-05,0.239,4,0.961,171253
"Memphis, Tennessee - Live At The BBC For ""Pop Go The Beatles"" / 30th July, 1963",Live At The BBC (Remastered),97.793,8,0,1994-11-30,0.411,0.77,-11.981,0.0447,0.613,0.00275,0.0875,4,0.538,135787
"Lucille - Live At The BBC For ""Saturday Club"" / 5th October, 1963",Live At The BBC (Remastered),142.527,5,1,1994-11-30,0.651,0.629,-10.471,0.0306,0.397,0.0,0.293,4,0.97,110160
"Can't Buy Me Love - Live At The BBC For ""From Us To You Say The Beatles"" / 10th March, 1964",Live At The BBC (Remastered),173.251,0,1,1994-11-30,0.597,0.531,-10.337,0.0342,0.316,0.0,0.451,4,0.946,127653
"From Fluff To You - Live At The BBC For ""From Us To You Say The Beatles"" / 10th March, 1964",Live At The BBC (Remastered),87.718,9,0,1994-11-30,0.0596,0.719,-25.112,0.904,0.753,6.58e-06,0.12,4,0.721,28067
"Till There Was You - Live At The BBC For ""From Us To You Say The Beatles"" / 10th March, 1964",Live At The BBC (Remastered),120.101,5,1,1994-11-30,0.329,0.571,-13.496,0.0362,0.616,1.82e-06,0.0876,4,0.571,137427
"Crinsk Dee Night - Live At The BBC For ""Top Gear"" / 16th July, 1964",Live At The BBC (Remastered),87.792,2,0,1994-11-30,0.11,0.678,-21.429,0.456,0.807,0.0,0.303,5,0.699,69413
"A Hard Day's Night - Live At The BBC For ""Top Gear"" / 16th July, 1964",Live At The BBC (Remastered),139.302,0,1,1994-11-30,0.525,0.552,-11.16,0.0363,0.0179,0.0,0.147,4,0.796,163600
"Ringo? Yep! - Live At The BBC For ""From Us To You Say The Beatles"" / 30th March, 1964",Live At The BBC (Remastered),0.0,9,1,1994-11-30,0.0613,0.0,-22.937,0.0,0.318,0.0,0.317,0,0.0,13853
"I Wanna Be Your Man - Live At The BBC For ""From Us To You Say The Beatles"" / 30th March, 1964",Live At The BBC (Remastered),192.399,11,0,1994-11-30,0.818,0.435,-10.838,0.0825,0.436,8.99e-06,0.134,4,0.691,129880
"Just A Rumour - Live At The BBC For ""From Us To You Say The Beatles"" / 30th March, 1964",Live At The BBC (Remastered),119.715,9,0,1994-11-30,0.0586,0.737,-27.456,0.918,0.589,0.0,0.392,4,0.923,20160
"Roll Over Beethoven - Live At The BBC For ""From Us To You Say The Beatles"" / 30th March, 1964",Live At The BBC (Remastered),169.778,2,1,1994-11-30,0.644,0.468,-11.269,0.0439,0.27,0.000156,0.185,4,0.966,136747
"All My Loving - Live At The BBC For ""From Us To You Say The Beatles"" / 30th March, 1964",Live At The BBC (Remastered),76.349,1,0,1994-11-30,0.49,0.477,-10.884,0.0314,0.117,0.00462,0.316,4,0.882,126707
"Things We Said Today - Live At The BBC For ""Top Gear"" / 16th July, 1964",Live At The BBC (Remastered),136.058,5,1,1994-11-30,0.488,0.649,-12.87,0.0341,0.267,0.0,0.0662,4,0.778,137840
"She's A Woman - Live At The BBC For ""Top Gear"" / 26th November, 1964",Live At The BBC (Remastered),87.182,9,1,1994-11-30,0.378,0.76,-13.018,0.0402,0.138,0.00016,0.0671,4,0.907,198867
"Sweet Little Sixteen - Live At The BBC For ""Pop Go The Beatles"" / 23rd July, 1963",Live At The BBC (Remastered),169.477,4,1,1994-11-30,0.637,0.491,-10.923,0.0437,0.403,0.0,0.071,4,0.975,141467
"1822! - Live At The BBC For ""Pop Go The Beatles"" / 23rd July, 1963",Live At The BBC (Remastered),0.0,8,1,1994-11-30,0.0923,0.0,-20.653,0.0,0.953,0.0,0.155,0,0.0,10360
"Lonesome Tears In My Eyes - Live At The BBC For ""Pop Go The Beatles"" / 23rd July, 1963",Live At The BBC (Remastered),161.701,4,1,1994-11-30,0.481,0.579,-12.618,0.0398,0.46,0.0459,0.0741,4,0.963,156160
"Nothin' Shakin' - Live At The BBC For ""Pop Go The Beatles"" / 23rd July, 1963",Live At The BBC (Remastered),117.032,9,1,1994-11-30,0.614,0.761,-11.97,0.0374,0.52,0.0,0.179,4,0.979,179880
"The Hippy Hippy Shake - Live At The BBC For ""Pop Go The Beatles"" / 30th July, 1963",Live At The BBC (Remastered),133.737,2,1,1994-11-30,0.6,0.541,-11.599,0.0311,0.504,0.0,0.238,4,0.958,110307
"Glad All Over - Live At The BBC For ""Pop Go The Beatles"" / 20th August, 1963",Live At The BBC (Remastered),92.458,9,1,1994-11-30,0.617,0.604,-11.213,0.0346,0.583,0.0,0.454,4,0.913,112813
Two Of Us - Remastered 2009,Let It Be (Remastered),109.114,7,1,1970-05-08,0.702,0.726,-10.757,0.032,0.0974,3.46e-05,0.239,4,0.931,216813
Dig A Pony - Remastered 2009,Let It Be (Remastered),59.004,11,0,1970-05-08,0.478,0.538,-8.957,0.0388,0.472,0.0,0.17,4,0.527,235000
Across The Universe - Remastered 2009,Let It Be (Remastered),152.126,1,1,1970-05-08,0.412,0.257,-11.788,0.0287,0.361,8.68e-05,0.0702,4,0.858,228133
I Me Mine - Remastered 2009,Let It Be (Remastered),185.235,9,0,1970-05-08,0.638,0.291,-7.854,0.0554,0.179,0.0,0.101,3,0.525,145587
Dig It - Remastered 2009,Let It Be (Remastered),157.03,5,1,1970-05-08,0.489,0.54,-12.276,0.117,0.659,0.0019,0.457,3,0.67,50467
Let It Be - Remastered 2009,Let It Be (Remastered),143.462,0,1,1970-05-08,0.403,0.443,-8.339,0.0322,0.631,0.0,0.111,4,0.41,243027
Maggie Mae - Remastered 2009,Let It Be (Remastered),169.039,2,0,1970-05-08,0.515,0.516,-12.035,0.215,0.379,0.0,0.103,4,0.524,40040
I've Got A Feeling - Remastered 2009,Let It Be (Remastered),165.156,2,1,1970-05-08,0.609,0.44,-8.824,0.0358,0.0715,0.0,0.582,4,0.364,217560
One After 909 - Remastered 2009,Let It Be (Remastered),90.95,4,1,1970-05-08,0.828,0.554,-6.435,0.0739,0.0307,0.0,0.907,4,0.888,173960
The Long And Winding Road - Remastered 2009,Let It Be (Remastered),132.282,3,1,1970-05-08,0.329,0.299,-10.096,0.0279,0.756,0.0105,0.0559,4,0.392,218187
For You Blue - Remastered 2009,Let It Be (Remastered),128.542,2,1,1970-05-08,0.556,0.88,-10.773,0.0855,0.24,0.0483,0.24,4,0.955,152213
Get Back - Remastered 2009,Let It Be (Remastered),123.095,2,1,1970-05-08,0.592,0.761,-9.836,0.0586,0.492,0.00626,0.61,4,0.332,189387
Come Together - Remastered 2009,Abbey Road (Remastered),165.007,9,0,1969-09-26,0.376,0.533,-11.913,0.0393,0.0302,0.248,0.0926,4,0.187,259947
Something - Remastered 2009,Abbey Road (Remastered),133.522,0,1,1969-09-26,0.338,0.396,-10.872,0.0304,0.198,2.62e-06,0.138,4,0.377,182293
Maxwell's Silver Hammer - Remastered 2009,Abbey Road (Remastered),131.12,2,1,1969-09-26,0.426,0.764,-11.045,0.0405,0.629,0.000119,0.132,4,0.726,207920
Oh! Darling - Remastered 2009,Abbey Road (Remastered),173.93,4,1,1969-09-26,0.656,0.422,-8.412,0.0397,0.0126,0.0279,0.268,3,0.549,207240
Octopus's Garden - Remastered 2009,Abbey Road (Remastered),92.225,1,0,1969-09-26,0.512,0.626,-9.15,0.0247,0.155,4.65e-05,0.215,4,0.73,170720
I Want You (She's So Heavy) - Remastered 2009,Abbey Road (Remastered),115.732,2,0,1969-09-26,0.515,0.37,-9.487,0.0321,0.0233,0.205,0.0966,4,0.42,467320
Here Comes The Sun - Remastered 2009,Abbey Road (Remastered),129.171,9,1,1969-09-26,0.54,0.557,-10.484,0.0347,0.0339,0.00248,0.179,4,0.394,185733
Because - Remastered 2009,Abbey Road (Remastered),81.257,2,1,1969-09-26,0.249,0.328,-11.777,0.0272,0.754,5.77e-06,0.134,4,0.162,165667
You Never Give Me Your Money - Remastered 2009,Abbey Road (Remastered),174.464,0,1,1969-09-26,0.416,0.335,-11.051,0.0348,0.345,0.136,0.116,3,0.223,242973
Sun King - Remastered 2009,Abbey Road (Remastered),74.994,2,1,1969-09-26,0.177,0.483,-17.629,0.0277,0.284,0.499,0.116,4,0.192,146267
Mean Mr Mustard - Remastered 2009,Abbey Road (Remastered),100.687,4,1,1969-09-26,0.596,0.676,-9.107,0.0272,0.0699,1.96e-05,0.351,4,0.97,66533
Polythene Pam - Remastered 2009,Abbey Road (Remastered),166.829,11,0,1969-09-26,0.939,0.474,-8.884,0.199,0.00472,0.674,0.19,4,0.499,72640
She Came In Through The Bathroom Window - Remastered 2009,Abbey Road (Remastered),80.652,2,1,1969-09-26,0.72,0.53,-8.793,0.0338,0.00376,3.38e-05,0.314,4,0.69,118627
Golden Slumbers - Remastered 2009,Abbey Road (Remastered),80.608,0,1,1969-09-26,0.152,0.419,-12.126,0.0277,0.326,0.0034,0.113,4,0.239,91760
Carry That Weight - Remastered 2009,Abbey Road (Remastered),84.319,0,1,1969-09-26,0.458,0.543,-8.976,0.0274,0.226,0.00663,0.298,4,0.704,96467
The End - Remastered 2009,Abbey Road (Remastered),123.444,11,0,1969-09-26,0.487,0.647,-10.119,0.0689,0.00101,0.285,0.138,1,0.222,141613
Her Majesty - Remastered 2009,Abbey Road (Remastered),100.874,2,1,1969-09-26,0.215,0.703,-23.03,0.0892,0.728,1.23e-06,0.13,3,0.522,25987
Yellow Submarine - Remastered 2009,Yellow Submarine (Remastered),110.849,1,1,1969-01-17,0.536,0.605,-10.069,0.0421,0.518,0.0,0.528,4,0.688,159720
Only A Northern Song - Remastered 2009,Yellow Submarine (Remastered),209.242,9,1,1969-01-17,0.731,0.175,-8.341,0.0705,0.000341,0.000751,0.0846,4,0.801,204493
All Together Now - Remastered 2009,Yellow Submarine (Remastered),95.937,2,1,1969-01-17,0.431,0.587,-9.495,0.0686,0.0722,0.0,0.561,4,0.778,130893
Hey Bulldog - Remastered 2009,Yellow Submarine (Remastered),100.495,7,1,1969-01-17,0.617,0.587,-9.164,0.028,0.0197,0.639,0.199,4,0.947,191307
It's All Too Much - Remastered 2009,Yellow Submarine (Remastered),113.511,7,1,1969-01-17,0.781,0.39,-7.878,0.0364,4.3e-05,0.412,0.1,4,0.199,385013
All You Need Is Love - Remastered 2009,Yellow Submarine (Remastered),103.103,7,1,1969-01-17,0.463,0.4,-8.455,0.0288,0.345,4.59e-05,0.286,4,0.627,231213
Pepperland - Remastered 2009,Yellow Submarine (Remastered),113.126,7,1,1969-01-17,0.281,0.354,-12.434,0.032,0.661,0.763,0.243,4,0.367,140733
Sea Of Time - Remastered 2009,Yellow Submarine (Remastered),128.054,2,0,1969-01-17,0.096,0.237,-20.629,0.0387,0.971,0.0961,0.203,4,0.0629,180213
Sea Of Holes - Remastered 2009,Yellow Submarine (Remastered),118.99,6,0,1969-01-17,0.0994,0.249,-19.266,0.04,0.959,0.926,0.454,3,0.0357,136693
Sea Of Monsters - Remastered 2009,Yellow Submarine (Remastered),83.971,9,1,1969-01-17,0.166,0.253,-16.624,0.0346,0.945,0.862,0.135,3,0.0489,216693
March Of The Meanies - Remastered 2009,Yellow Submarine (Remastered),117.185,9,0,1969-01-17,0.378,0.538,-14.117,0.0387,0.934,0.758,0.456,4,0.16,139360
Pepperland Laid Waste - Remastered 2009,Yellow Submarine (Remastered),82.423,8,0,1969-01-17,0.0902,0.269,-23.018,0.042,0.877,0.821,0.302,4,0.0462,132773
Yellow Submarine In Pepperland - Remastered 2009,Yellow Submarine (Remastered),105.345,7,1,1969-01-17,0.219,0.406,-13.155,0.0359,0.808,0.599,0.15,4,0.271,134027
Back In The U.S.S.R. - Remastered 2009,The Beatles (Remastered),142.489,9,1,1968-11-22,0.969,0.48,-7.464,0.0854,0.069,0.00022,0.0608,4,0.494,163453
Dear Prudence - Remastered 2009,The Beatles (Remastered),150.721,7,1,1968-11-22,0.529,0.388,-10.533,0.0436,0.16,0.0681,0.108,4,0.332,235773
Glass Onion - Remastered 2009,The Beatles (Remastered),120.432,7,0,1968-11-22,0.51,0.523,-9.827,0.0514,0.0123,8.38e-05,0.108,4,0.789,137840
"Ob-La-Di, Ob-La-Da - Remastered 2009",The Beatles (Remastered),113.059,10,1,1968-11-22,0.728,0.818,-8.331,0.0314,0.232,0.0642,0.251,4,0.975,188960
Wild Honey Pie - Remastered 2009,The Beatles (Remastered),89.9,2,1,1968-11-22,0.763,0.792,-11.185,0.0506,0.425,0.627,0.789,4,0.152,52973
The Continuing Story Of Bungalow Bill - Remastered 2009,The Beatles (Remastered),114.816,0,1,1968-11-22,0.459,0.621,-10.414,0.104,0.224,0.0,0.656,4,0.648,194160
While My Guitar Gently Weeps - Remastered 2009,The Beatles (Remastered),115.0,4,0,1968-11-22,0.654,0.453,-8.855,0.0317,0.0205,0.00395,0.172,4,0.702,285000
Happiness Is A Warm Gun - Remastered 2009,The Beatles (Remastered),139.288,9,0,1968-11-22,0.54,0.431,-9.6,0.0589,0.523,1.34e-06,0.169,4,0.44,164547
Martha My Dear - Remastered 2009,The Beatles (Remastered),177.624,10,1,1968-11-22,0.292,0.472,-11.591,0.0321,0.872,0.0007,0.128,4,0.824,148573
I'm So Tired - Remastered 2009,The Beatles (Remastered),68.492,9,1,1968-11-22,0.483,0.433,-9.422,0.175,0.656,2.64e-05,0.539,4,0.717,123493
Blackbird - Remastered 2009,The Beatles (Remastered),93.699,7,1,1968-11-22,0.127,0.686,-14.361,0.0342,0.754,1.41e-05,0.0573,4,0.372,138387
Piggies - Remastered 2009,The Beatles (Remastered),93.245,8,1,1968-11-22,0.445,0.542,-9.105,0.0303,0.643,0.0,0.516,4,0.52,124267
Rocky Raccoon - Remastered 2009,The Beatles (Remastered),79.456,7,1,1968-11-22,0.363,0.599,-11.728,0.0315,0.333,0.0,0.243,4,0.648,213107
Don't Pass Me By - Remastered 2009,The Beatles (Remastered),84.895,0,1,1968-11-22,0.537,0.599,-9.617,0.0254,0.594,1.92e-05,0.194,4,0.946,230453
Why Don't We Do It In The Road? - Remastered 2009,The Beatles (Remastered),187.688,2,1,1968-11-22,0.522,0.589,-8.718,0.0521,0.53,0.000243,0.0993,4,0.957,101160
I Will - Remastered 2009,The Beatles (Remastered),103.11,5,1,1968-11-22,0.387,0.631,-11.529,0.0262,0.742,0.000406,0.0822,4,0.832,105933
Julia - Remastered 2009,The Beatles (Remastered),134.706,2,1,1968-11-22,0.0953,0.512,-16.082,0.0304,0.828,0.000268,0.117,4,0.193,176667
Birthday - Remastered 2009,The Beatles (Remastered),139.239,2,1,1968-11-22,0.727,0.541,-7.509,0.0384,7.37e-05,0.717,0.232,4,0.91,163080
Yer Blues - Remastered 2009,The Beatles (Remastered),151.766,9,1,1968-11-22,0.525,0.327,-10.272,0.0475,0.000875,0.259,0.133,3,0.435,240453
Mother Nature's Son - Remastered 2009,The Beatles (Remastered),84.78,2,1,1968-11-22,0.178,0.608,-17.109,0.0264,0.634,0.352,0.166,4,0.401,168027
Everybody's Got Something To Hide Except Me And My Monkey - Remastered 2009,The Beatles (Remastered),117.089,2,1,1968-11-22,0.731,0.523,-8.613,0.0559,0.0207,0.000464,0.081,4,0.81,144773
Sexy Sadie - Remastered 2009,The Beatles (Remastered),75.478,0,1,1968-11-22,0.624,0.577,-9.626,0.0285,0.33,0.00622,0.117,4,0.671,195267
Helter Skelter - Remastered 2009,The Beatles (Remastered),167.518,9,1,1968-11-22,0.831,0.166,-8.469,0.0894,0.000606,0.846,0.811,4,0.281,269787
"Long, Long, Long - Remastered 2009",The Beatles (Remastered),104.837,5,1,1968-11-22,0.129,0.349,-15.883,0.0294,0.539,0.405,0.192,3,0.163,186307
Revolution 1 - Remastered 2009,The Beatles (Remastered),98.425,9,1,1968-11-22,0.626,0.386,-9.451,0.0377,0.0785,0.00164,0.621,4,0.695,255707
Honey Pie - Remastered 2009,The Beatles (Remastered),144.197,7,1,1968-11-22,0.297,0.537,-15.452,0.0822,0.88,1.5e-05,0.145,4,0.553,161160
Savoy Truffle - Remastered 2009,The Beatles (Remastered),120.761,11,0,1968-11-22,0.544,0.623,-11.043,0.0536,0.00814,0.309,0.134,4,0.793,174467
Cry Baby Cry - Remastered 2009,The Beatles (Remastered),76.644,9,0,1968-11-22,0.529,0.517,-11.851,0.0323,0.115,0.00396,0.174,4,0.362,182080
Revolution 9 - Remastered 2009,The Beatles (Remastered),91.158,2,0,1968-11-22,0.615,0.208,-15.297,0.342,0.769,0.118,0.824,4,0.101,502013
Good Night - Remastered 2009,The Beatles (Remastered),146.408,7,1,1968-11-22,0.355,0.146,-14.583,0.0352,0.865,0.835,0.114,3,0.178,193760
Magical Mystery Tour - Remastered 2009,Magical Mystery Tour (Remastered),170.962,9,1,1967-11-27,0.613,0.297,-9.065,0.0931,0.0385,3.98e-05,0.0734,4,0.338,170107
The Fool On The Hill - Remastered 2009,Magical Mystery Tour (Remastered),144.184,4,0,1967-11-27,0.26,0.356,-10.577,0.0314,0.913,2.1e-06,0.105,4,0.49,179107
Flying - Remastered 2009,Magical Mystery Tour (Remastered),92.929,0,1,1967-11-27,0.395,0.551,-14.755,0.0501,0.368,0.88,0.0932,4,0.261,135520
Blue Jay Way - Remastered 2009,Magical Mystery Tour (Remastered),101.052,0,1,1967-11-27,0.407,0.294,-11.575,0.0308,0.0258,0.000219,0.0852,4,0.0378,235067
Your Mother Should Know - Remastered 2009,Magical Mystery Tour (Remastered),117.613,0,1,1967-11-27,0.293,0.698,-11.361,0.0332,0.784,0.0106,0.0936,4,0.724,148413
I Am The Walrus - Remastered 2009,Magical Mystery Tour (Remastered),85.206,2,1,1967-11-27,0.556,0.401,-10.532,0.0513,0.0828,0.000359,0.589,4,0.654,275867
"Hello, Goodbye - Remastered 2009",Magical Mystery Tour (Remastered),99.307,0,1,1967-11-27,0.733,0.479,-8.753,0.0256,0.306,2.4e-05,0.414,4,0.806,208840
Strawberry Fields Forever - Remastered 2009,Magical Mystery Tour (Remastered),97.871,10,1,1967-11-27,0.502,0.39,-12.277,0.178,0.336,0.000138,0.0713,4,0.289,247320
Penny Lane - Remastered 2009,Magical Mystery Tour (Remastered),113.038,9,1,1967-11-27,0.488,0.651,-8.22,0.0316,0.212,0.026,0.136,4,0.49,180893
"Baby, You're A Rich Man - Remastered 2009",Magical Mystery Tour (Remastered),96.751,7,1,1967-11-27,0.625,0.619,-9.635,0.036,0.0119,1.05e-06,0.152,4,0.467,181307
All You Need Is Love - Remastered 2009,Magical Mystery Tour (Remastered),103.436,7,1,1967-11-27,0.48,0.4,-7.768,0.0295,0.346,3.1e-05,0.155,4,0.653,230387
Sgt. Pepper's Lonely Hearts Club Band - Remastered 2009,Sgt. Pepper's Lonely Hearts Club Band (Remastered),95.513,7,1,1967-06-01,0.673,0.451,-9.115,0.0734,0.0857,0.00225,0.797,4,0.583,122893
With A Little Help From My Friends - Remastered 2009,Sgt. Pepper's Lonely Hearts Club Band (Remastered),112.035,4,1,1967-06-01,0.515,0.705,-9.343,0.0337,0.365,0.0,0.389,4,0.803,164107
Lucy In The Sky With Diamonds - Remastered 2009,Sgt. Pepper's Lonely Hearts Club Band (Remastered),65.09,2,1,1967-06-01,0.325,0.311,-9.042,0.0283,0.0469,0.0,0.139,1,0.668,208467
Getting Better - Remastered 2009,Sgt. Pepper's Lonely Hearts Club Band (Remastered),121.672,0,1,1967-06-01,0.471,0.632,-7.887,0.0348,0.313,5.08e-06,0.0712,4,0.764,168120
Fixing A Hole - Remastered 2009,Sgt. Pepper's Lonely Hearts Club Band (Remastered),112.984,0,0,1967-06-01,0.507,0.469,-8.917,0.0451,0.382,0.0,0.0783,4,0.619,156827
She's Leaving Home - Remastered 2009,Sgt. Pepper's Lonely Hearts Club Band (Remastered),127.581,4,1,1967-06-01,0.214,0.381,-11.629,0.0337,0.944,0.0,0.106,3,0.393,215160
Being For The Benefit Of Mr. Kite! - Remastered 2009,Sgt. Pepper's Lonely Hearts Club Band (Remastered),111.874,0,1,1967-06-01,0.413,0.526,-9.865,0.0446,0.338,0.0,0.0992,4,0.71,157533
Within You Without You - Remastered 2009,Sgt. Pepper's Lonely Hearts Club Band (Remastered),126.166,6,1,1967-06-01,0.479,0.352,-9.965,0.0338,0.339,0.000353,0.486,4,0.354,304667
When I'm Sixty Four - Remastered 2009,Sgt. Pepper's Lonely Hearts Club Band (Remastered),140.411,1,1,1967-06-01,0.241,0.704,-13.258,0.0476,0.625,2.8e-05,0.0868,4,0.661,157667
Lovely Rita - Remastered 2009,Sgt. Pepper's Lonely Hearts Club Band (Remastered),87.379,8,0,1967-06-01,0.471,0.61,-9.151,0.0261,0.0634,0.0,0.118,4,0.63,162093
Good Morning Good Morning - Remastered 2009,Sgt. Pepper's Lonely Hearts Club Band (Remastered),121.849,2,1,1967-06-01,0.618,0.542,-8.876,0.139,0.0858,0.0,0.772,3,0.93,161227
Sgt. Pepper's Lonely Hearts Club Band - Reprise / Remastered 2009,Sgt. Pepper's Lonely Hearts Club Band (Remastered),118.773,0,1,1967-06-01,0.889,0.653,-8.006,0.0453,0.0061,0.589,0.892,4,0.879,79067
A Day In The Life - Remastered 2009,Sgt. Pepper's Lonely Hearts Club Band (Remastered),163.219,4,0,1967-06-01,0.457,0.364,-14.162,0.0675,0.29,0.000106,0.922,4,0.175,337413
Sgt. Pepper's Lonely Hearts Club Band - Remix,Sgt. Pepper's Lonely Hearts Club Band (Deluxe Edition),95.114,7,1,1967-06-01,0.857,0.361,-6.6,0.163,0.0341,0.00624,0.86,4,0.523,122133
With A Little Help From My Friends - Remix,Sgt. Pepper's Lonely Hearts Club Band (Deluxe Edition),112.057,4,1,1967-06-01,0.605,0.643,-6.998,0.0295,0.126,0.0,0.262,4,0.794,165293
Lucy In The Sky With Diamonds - Remix,Sgt. Pepper's Lonely Hearts Club Band (Deluxe Edition),137.423,2,1,1967-06-01,0.53,0.318,-6.521,0.0369,0.0907,0.0,0.145,3,0.423,207680
Getting Better - Remix,Sgt. Pepper's Lonely Hearts Club Band (Deluxe Edition),121.959,0,1,1967-06-01,0.551,0.598,-6.909,0.0308,0.0913,0.0,0.0958,4,0.817,167013
Fixing A Hole - Remix,Sgt. Pepper's Lonely Hearts Club Band (Deluxe Edition),111.667,0,0,1967-06-01,0.644,0.405,-7.115,0.0495,0.503,0.0,0.0681,4,0.52,157960
She's Leaving Home - Remix,Sgt. Pepper's Lonely Hearts Club Band (Deluxe Edition),130.97,0,1,1967-06-01,0.32,0.372,-9.724,0.0315,0.879,0.0,0.108,4,0.251,205840
Being For The Benefit Of Mr. Kite! - Remix,Sgt. Pepper's Lonely Hearts Club Band (Deluxe Edition),83.339,9,0,1967-06-01,0.743,0.246,-5.224,0.0526,0.13,0.0,0.19,1,0.623,159200
Within You Without You - Remix,Sgt. Pepper's Lonely Hearts Club Band (Deluxe Edition),124.251,6,1,1967-06-01,0.545,0.292,-8.475,0.0352,0.325,5.95e-05,0.306,4,0.365,307587
When I'm Sixty-Four - Remix,Sgt. Pepper's Lonely Hearts Club Band (Deluxe Edition),138.256,8,1,1967-06-01,0.294,0.697,-9.231,0.0644,0.49,0.0,0.17,4,0.571,160013
Lovely Rita - Remix,Sgt. Pepper's Lonely Hearts Club Band (Deluxe Edition),86.822,8,1,1967-06-01,0.695,0.58,-5.49,0.0252,0.00624,0.0,0.0857,4,0.69,165800
Good Morning Good Morning - Remix,Sgt. Pepper's Lonely Hearts Club Band (Deluxe Edition),121.517,2,1,1967-06-01,0.794,0.511,-6.876,0.0887,0.000312,0.0,0.555,4,0.847,154467
Sgt. Pepper's Lonely Hearts Club Band (Reprise) - Remix,Sgt. Pepper's Lonely Hearts Club Band (Deluxe Edition),118.758,0,1,1967-06-01,0.948,0.575,-5.381,0.0561,0.000202,0.369,0.513,4,0.856,80600
A Day In The Life - Remix,Sgt. Pepper's Lonely Hearts Club Band (Deluxe Edition),80.724,4,0,1967-06-01,0.47,0.338,-10.636,0.0552,0.258,0.000205,0.889,4,0.107,330920
Sgt. Pepper's Lonely Hearts Club Band - Take 9 And Speech,Sgt. Pepper's Lonely Hearts Club Band (Deluxe Edition),95.695,0,1,1967-06-01,0.7,0.585,-7.966,0.0993,0.256,0.0111,0.668,4,0.493,156440
With A Little Help From My Friends - Take 1 / False Start And Take 2 / Instrumental,Sgt. Pepper's Lonely Hearts Club Band (Deluxe Edition),111.363,6,0,1967-06-01,0.607,0.912,-7.957,0.122,0.253,0.464,0.152,4,0.385,196520
Lucy In The Sky With Diamonds - Take 1,Sgt. Pepper's Lonely Hearts Club Band (Deluxe Edition),97.058,2,1,1967-06-01,0.367,0.418,-12.36,0.0503,0.787,3.45e-05,0.108,4,0.316,238867
Getting Better - Take 1 / Instrumental And Speech At The End,Sgt. Pepper's Lonely Hearts Club Band (Deluxe Edition),127.521,0,1,1967-06-01,0.456,0.724,-10.587,0.0748,0.412,0.0928,0.198,4,0.32,138533
Fixing A Hole - Speech And Take 3,Sgt. Pepper's Lonely Hearts Club Band (Deluxe Edition),115.28,5,1,1967-06-01,0.546,0.605,-7.176,0.0486,0.166,0.000121,0.0436,4,0.568,207840
She's Leaving Home - Take 1 / Instrumental,Sgt. Pepper's Lonely Hearts Club Band (Deluxe Edition),128.506,4,1,1967-06-01,0.12,0.45,-13.069,0.0363,0.914,0.883,0.123,3,0.182,229120
Being For The Benefit Of Mr. Kite! - Take 4,Sgt. Pepper's Lonely Hearts Club Band (Deluxe Edition),111.097,0,1,1967-06-01,0.387,0.592,-11.451,0.0561,0.452,5.23e-06,0.391,4,0.507,187213
Within You Without You - Take 1 / Indian Instruments,Sgt. Pepper's Lonely Hearts Club Band (Deluxe Edition),120.234,5,1,1967-06-01,0.391,0.376,-13.214,0.0398,0.676,0.205,0.152,4,0.175,333400
When I'm Sixty-Four - Take 2,Sgt. Pepper's Lonely Hearts Club Band (Deluxe Edition),132.627,7,1,1967-06-01,0.237,0.815,-11.932,0.162,0.218,0.0,0.0814,4,0.426,178653
Lovely Rita - Speech And Take 9,Sgt. Pepper's Lonely Hearts Club Band (Deluxe Edition),180.847,4,1,1967-06-01,0.711,0.472,-6.874,0.0561,0.287,0.0,0.377,4,0.68,184360
Good Morning Good Morning - Take 8,Sgt. Pepper's Lonely Hearts Club Band (Deluxe Edition),121.741,2,1,1967-06-01,0.514,0.752,-10.523,0.0945,0.0225,0.000174,0.161,4,0.79,166640
Sgt. Pepper's Lonely Hearts Club Band (Reprise) - Speech And Take 8,Sgt. Pepper's Lonely Hearts Club Band (Deluxe Edition),119.285,0,1,1967-06-01,0.806,0.797,-7.117,0.086,0.258,0.000172,0.132,4,0.762,116067
A Day In The Life - Take 1 With Hums,Sgt. Pepper's Lonely Hearts Club Band (Deluxe Edition),162.502,4,0,1967-06-01,0.33,0.493,-11.555,0.0384,0.918,0.000139,0.281,4,0.195,291960
Strawberry Fields Forever - Take 7,Sgt. Pepper's Lonely Hearts Club Band (Deluxe Edition),179.328,5,1,1967-06-01,0.428,0.36,-10.374,0.266,0.746,3.52e-05,0.116,4,0.357,196880
Strawberry Fields Forever - Take 26,Sgt. Pepper's Lonely Hearts Club Band (Deluxe Edition),110.629,0,1,1967-06-01,0.734,0.444,-9.825,0.17,0.219,0.000303,0.335,4,0.335,199813
Strawberry Fields Forever - Stereo Mix 2015,Sgt. Pepper's Lonely Hearts Club Band (Deluxe Edition),95.797,10,1,1967-06-01,0.627,0.38,-9.647,0.267,0.342,0.000231,0.092,4,0.255,246413
Penny Lane - Take 6 / Instrumental,Sgt. Pepper's Lonely Hearts Club Band (Deluxe Edition),120.735,0,1,1967-06-01,0.516,0.897,-8.867,0.0883,0.69,0.737,0.125,3,0.144,176707
Penny Lane - Stereo Mix 2017,Sgt. Pepper's Lonely Hearts Club Band (Deluxe Edition),112.931,9,1,1967-06-01,0.536,0.624,-7.617,0.042,0.0369,0.0028,0.108,4,0.641,179147
Sgt. Pepper's Lonely Hearts Club Band - Remastered 2017,Sgt. Pepper's Lonely Hearts Club Band (Super Deluxe Edition),95.302,7,1,1967-05-26,0.858,0.36,-6.353,0.106,0.0308,0.0115,0.845,4,0.522,122133
With A Little Help From My Friends - Remastered 2017,Sgt. Pepper's Lonely Hearts Club Band (Super Deluxe Edition),112.311,1,0,1967-05-26,0.639,0.673,-6.673,0.0274,0.122,0.0,0.22,4,0.75,165293
Lucy In The Sky With Diamonds - Remastered 2017,Sgt. Pepper's Lonely Hearts Club Band (Super Deluxe Edition),132.537,11,0,1967-05-26,0.521,0.331,-6.221,0.0379,0.101,0.0,0.154,3,0.432,207680
Getting Better - Remix,Sgt. Pepper's Lonely Hearts Club Band (Super Deluxe Edition),121.949,0,1,1967-05-26,0.551,0.591,-6.605,0.0308,0.07,0.0,0.0942,4,0.81,167013
Fixing A Hole - Remix,Sgt. Pepper's Lonely Hearts Club Band (Super Deluxe Edition),112.618,0,0,1967-05-26,0.665,0.415,-6.853,0.0448,0.483,0.0,0.0663,4,0.523,157960
She's Leaving Home - Remix,Sgt. Pepper's Lonely Hearts Club Band (Super Deluxe Edition),132.105,0,1,1967-05-26,0.319,0.376,-9.573,0.031,0.881,0.0,0.124,4,0.217,205840
Being For The Benefit Of Mr. Kite! - Remix,Sgt. Pepper's Lonely Hearts Club Band (Super Deluxe Edition),83.149,9,0,1967-05-26,0.752,0.247,-4.966,0.0559,0.103,0.0,0.107,1,0.593,159200
Within You Without You - Remastered 2017,Sgt. Pepper's Lonely Hearts Club Band (Super Deluxe Edition),125.07,6,1,1967-05-26,0.551,0.291,-8.17,0.0345,0.357,6.16e-05,0.239,4,0.373,307587
When I'm Sixty-Four - Remix,Sgt. Pepper's Lonely Hearts Club Band (Super Deluxe Edition),138.425,8,1,1967-05-26,0.308,0.696,-8.956,0.0557,0.508,0.0,0.142,4,0.564,160013
Lovely Rita - Remix,Sgt. Pepper's Lonely Hearts Club Band (Super Deluxe Edition),87.479,8,1,1967-05-26,0.687,0.578,-5.175,0.0241,0.00726,0.0,0.0936,4,0.659,165800
Good Morning Good Morning - Remix,Sgt. Pepper's Lonely Hearts Club Band (Super Deluxe Edition),121.624,2,1,1967-05-26,0.797,0.505,-6.631,0.0897,0.000302,0.0,0.484,4,0.825,154467
Sgt. Pepper's Lonely Hearts Club Band (Reprise) - Remix,Sgt. Pepper's Lonely Hearts Club Band (Super Deluxe Edition),118.769,0,1,1967-05-26,0.951,0.576,-5.03,0.0521,0.000249,0.214,0.446,4,0.789,80600
A Day In The Life - Remix,Sgt. Pepper's Lonely Hearts Club Band (Super Deluxe Edition),79.935,4,0,1967-05-26,0.453,0.377,-10.455,0.0462,0.268,0.000141,0.901,4,0.121,330907
Strawberry Fields Forever - Take 1,Sgt. Pepper's Lonely Hearts Club Band (Super Deluxe Edition),96.261,0,1,1967-05-26,0.132,0.623,-11.084,0.0377,0.829,8.74e-05,0.193,1,0.181,159787
Strawberry Fields Forever - Take 4,Sgt. Pepper's Lonely Hearts Club Band (Super Deluxe Edition),90.754,10,1,1967-05-26,0.339,0.527,-12.166,0.054,0.696,4.48e-06,0.139,4,0.314,180120
Strawberry Fields Forever - Take 7,Sgt. Pepper's Lonely Hearts Club Band (Super Deluxe Edition),178.787,9,0,1967-05-26,0.402,0.369,-10.841,0.243,0.754,9.96e-05,0.115,4,0.346,196747
Strawberry Fields Forever - Take 26,Sgt. Pepper's Lonely Hearts Club Band (Super Deluxe Edition),110.792,0,1,1967-05-26,0.855,0.448,-6.197,0.184,0.219,0.000455,0.34,4,0.342,198853
Strawberry Fields Forever - Stereo Mix 2015,Sgt. Pepper's Lonely Hearts Club Band (Super Deluxe Edition),97.965,10,1,1967-05-26,0.722,0.413,-6.54,0.273,0.385,0.000335,0.0994,4,0.228,249920
When I'm Sixty-Four - Take 2,Sgt. Pepper's Lonely Hearts Club Band (Super Deluxe Edition),132.619,7,1,1967-05-26,0.218,0.816,-12.286,0.159,0.32,0.0,0.0846,4,0.434,181160
Penny Lane - Take 6 / Instrumental,Sgt. Pepper's Lonely Hearts Club Band (Super Deluxe Edition),120.775,0,1,1967-05-26,0.548,0.901,-6.808,0.0996,0.667,0.837,0.161,3,0.135,175547
Penny Lane - Vocal Overdubs And Speech,Sgt. Pepper's Lonely Hearts Club Band (Super Deluxe Edition),113.267,7,1,1967-05-26,0.143,0.879,-19.917,0.261,0.7,0.00184,0.452,4,0.393,107093
Penny Lane - Stereo Mix 2017,Sgt. Pepper's Lonely Hearts Club Band (Super Deluxe Edition),112.921,9,1,1967-05-26,0.577,0.617,-5.71,0.0388,0.0644,0.00157,0.106,4,0.627,180693
A Day In The Life - Take 1,Sgt. Pepper's Lonely Hearts Club Band (Super Deluxe Edition),84.655,4,0,1967-05-26,0.311,0.508,-12.204,0.0403,0.922,8.74e-05,0.125,4,0.2,281493
A Day In The Life - Take 2,Sgt. Pepper's Lonely Hearts Club Band (Super Deluxe Edition),76.521,4,0,1967-05-26,0.205,0.5,-16.155,0.0437,0.905,6.72e-05,0.345,4,0.171,289120
A Day In The Life - Orchestra Overdub,Sgt. Pepper's Lonely Hearts Club Band (Super Deluxe Edition),83.105,7,1,1967-05-26,0.57,0.243,-16.492,0.042,0.819,0.659,0.297,4,0.184,55787
"A Day In The Life - Hummed Last Chord / Takes 8, 9, 10 And 11",Sgt. Pepper's Lonely Hearts Club Band (Super Deluxe Edition),152.329,9,1,1967-05-26,0.226,0.423,-23.109,0.516,0.869,0.0,0.358,5,0.325,114560
A Day In The Life - The Last Chord,Sgt. Pepper's Lonely Hearts Club Band (Super Deluxe Edition),71.937,4,1,1967-05-26,0.0124,0.438,-23.34,0.0516,0.911,6.71e-05,0.11,4,0.137,173093
Sgt. Pepper's Lonely Hearts Club Band - Take 1 / Instrumental,Sgt. Pepper's Lonely Hearts Club Band (Super Deluxe Edition),97.846,7,1,1967-05-26,0.747,0.695,-9.061,0.0547,0.717,0.465,0.0963,4,0.141,154120
Sgt. Pepper's Lonely Hearts Club Band - Take 9 And Speech,Sgt. Pepper's Lonely Hearts Club Band (Super Deluxe Edition),95.664,0,1,1967-05-26,0.66,0.597,-9.499,0.0771,0.352,0.00913,0.693,4,0.556,156720
Good Morning Good Morning - Take 1 / Instrumental Breakdown,Sgt. Pepper's Lonely Hearts Club Band (Super Deluxe Edition),122.98,7,1,1967-05-26,0.582,0.762,-12.905,0.0847,0.0275,0.301,0.176,4,0.0765,64427
Good Morning Good Morning - Take 8,Sgt. Pepper's Lonely Hearts Club Band (Super Deluxe Edition),121.715,2,1,1967-05-26,0.435,0.749,-13.366,0.0977,0.0231,0.000195,0.135,4,0.79,167307
Fixing A Hole - Take 1,Sgt. Pepper's Lonely Hearts Club Band (Super Deluxe Edition),114.662,5,0,1967-05-26,0.409,0.572,-12.432,0.048,0.177,2.87e-05,0.0721,4,0.632,179360
Fixing A Hole - Speech And Take 3,Sgt. Pepper's Lonely Hearts Club Band (Super Deluxe Edition),117.871,5,1,1967-05-26,0.454,0.622,-10.807,0.0573,0.185,7.47e-05,0.038,4,0.613,208200
Being For The Benefit Of Mr. Kite! - Speech From Before Take 1 / Take 4 And Speech At End,Sgt. Pepper's Lonely Hearts Club Band (Super Deluxe Edition),111.935,0,1,1967-05-26,0.302,0.602,-14.663,0.0606,0.495,6.1e-06,0.233,4,0.527,188320
Being For The Benefit Of Mr. Kite! - Take 7,Sgt. Pepper's Lonely Hearts Club Band (Super Deluxe Edition),112.449,0,1,1967-05-26,0.326,0.6,-14.385,0.101,0.606,0.0,0.185,4,0.574,155200
Lovely Rita - Speech And Take 9,Sgt. Pepper's Lonely Hearts Club Band (Super Deluxe Edition),90.553,4,1,1967-05-26,0.645,0.671,-9.214,0.04,0.384,0.0,0.382,4,0.653,185013
Lucy In The Sky With Diamonds - Take 1 And Speech At The End,Sgt. Pepper's Lonely Hearts Club Band (Super Deluxe Edition),134.224,2,1,1967-05-26,0.297,0.46,-13.927,0.0485,0.724,3.96e-05,0.0799,3,0.337,220320
"Lucy In The Sky With Diamonds - Speech, False Start And Take 5",Sgt. Pepper's Lonely Hearts Club Band (Super Deluxe Edition),132.659,2,1,1967-05-26,0.384,0.475,-13.292,0.119,0.723,6.88e-06,0.158,3,0.401,248480
Getting Better - Take 1 / Instrumental And Speech At The End,Sgt. Pepper's Lonely Hearts Club Band (Super Deluxe Edition),127.533,0,1,1967-05-26,0.487,0.718,-9.718,0.0839,0.412,0.048,0.306,4,0.382,139200
Getting Better - Take 12,Sgt. Pepper's Lonely Hearts Club Band (Super Deluxe Edition),122.268,0,1,1967-05-26,0.488,0.769,-7.582,0.0438,0.124,0.00063,0.0715,4,0.705,165053
Within You Without You - Take 1 / Indian Instruments,Sgt. Pepper's Lonely Hearts Club Band (Super Deluxe Edition),120.037,5,1,1967-05-26,0.432,0.383,-10.98,0.0409,0.699,0.177,0.133,4,0.184,332560
Within You Without You - George Coaching The Musicians,Sgt. Pepper's Lonely Hearts Club Band (Super Deluxe Edition),119.292,5,1,1967-05-26,0.313,0.36,-13.814,0.0401,0.828,2.61e-05,0.155,4,0.315,235667
She's Leaving Home - Take 1 / Instrumental,Sgt. Pepper's Lonely Hearts Club Band (Super Deluxe Edition),128.584,4,1,1967-05-26,0.0782,0.442,-16.256,0.0374,0.931,0.895,0.108,3,0.198,229147
She's Leaving Home - Take 6 / Instrumental,Sgt. Pepper's Lonely Hearts Club Band (Super Deluxe Edition),129.005,4,1,1967-05-26,0.0693,0.47,-15.798,0.038,0.928,0.681,0.146,3,0.285,228253
With A Little Help From My Friends - Take 1 / False Start And Take 2 / Instrumental,Sgt. Pepper's Lonely Hearts Club Band (Super Deluxe Edition),111.378,6,0,1967-05-26,0.51,0.915,-10.896,0.121,0.254,0.479,0.138,4,0.356,194973
Sgt. Pepper's Lonely Hearts Club Band (Reprise) - Speech And Take 8,Sgt. Pepper's Lonely Hearts Club Band (Super Deluxe Edition),119.302,0,1,1967-05-26,0.762,0.787,-10.758,0.0818,0.268,8.09e-05,0.0707,4,0.679,119160
Sgt Pepper's Lonely Hearts Club Band,Sgt. Pepper's Lonely Hearts Club Band (Super Deluxe Edition),95.711,7,1,1967-05-26,0.651,0.438,-10.615,0.0932,0.218,5.87e-05,0.905,4,0.624,122373
With A Little Help From My Friends,Sgt. Pepper's Lonely Hearts Club Band (Super Deluxe Edition),112.294,4,1,1967-05-26,0.427,0.705,-11.971,0.0353,0.294,0.0,0.355,4,0.827,165160
Lucy In The Sky With Diamonds,Sgt. Pepper's Lonely Hearts Club Band (Super Deluxe Edition),190.968,2,1,1967-05-26,0.365,0.269,-11.12,0.0401,0.138,0.0,0.0904,4,0.357,207333
Getting Better,Sgt. Pepper's Lonely Hearts Club Band (Super Deluxe Edition),121.904,0,1,1967-05-26,0.444,0.59,-11.472,0.0394,0.131,5.06e-05,0.13,4,0.718,167253
